Sex,Length,Diameter,Height,Whole_weight,Shucked_weight,Viscera_weight,Shell_weight,Rings
F,0.575,0.46,0.15,0.94,0.38,0.16,0.34,15.0
F,0.555,0.415,0.135,0.842,0.28,0.1725,0.285,8.0
F,0.625,0.49,0.155,1.156,0.4565,0.25,0.34,19.0
F,0.46,0.35,0.115,0.4495,0.18,0.1235,0.14,16.0
F,0.645,0.49,0.15,1.198,0.57,0.2635,0.35,14.0
F,0.58,0.43,0.15,0.876,0.4525,0.193,0.235,7.0
F,0.63,0.48,0.175,1.04,0.499,0.243,0.264,8.0
I,0.275,0.2,0.06,0.096,0.0295,0.012,0.025,4.0
F,0.335,0.25,0.075,0.18,0.073,0.0355,0.053,9.0
F,0.655,0.515,0.175,1.3795,0.575,0.2955,0.36,11.0
F,0.645,0.49,0.15,1.154,0.5415,0.2965,0.31,11.0
I,0.465,0.35,0.11,0.4495,0.2025,0.09,0.12,6.0
F,0.535,0.4,0.16,0.782,0.2785,0.1515,0.275,11.0
F,0.64,0.49,0.175,1.2415,0.57,0.278,0.317,11.0
F,0.535,0.43,0.15,0.707,0.2865,0.15,0.244,8.0
F,0.625,0.485,0.15,1.198,0.575,0.2945,0.3,9.0
I,0.46,0.355,0.105,0.4045,0.1725,0.0735,0.142,7.0
F,0.68,0.54,0.175,1.6605,0.7105,0.3515,0.405,15.0
F,0.655,0.525,0.16,1.406,0.724,0.2915,0.34,10.0
F,0.65,0.525,0.16,1.4005,0.6645,0.2655,0.35,11.0
F,0.67,0.525,0.175,1.489,0.7245,0.2905,0.445,11.0
M,0.28,0.21,0.075,0.1285,0.0445,0.0275,0.03,4.0
F,0.35,0.26,0.075,0.1895,0.0705,0.0335,0.058,7.0
I,0.155,0.125,0.05,0.033,0.011,0.0045,0.0055,4.0
F,0.575,0.44,0.135,0.8605,0.4605,0.1675,0.255,9.0
M,0.48,0.37,0.11,0.4035,0.1925,0.102,0.12,7.0
I,0.35,0.26,0.09,0.1985,0.097,0.051,0.07,6.0
I,0.345,0.26,0.075,0.1845,0.079,0.0355,0.05,5.0
F,0.595,0.455,0.155,1.098,0.391,0.239,0.355,17.0
M,0.555,0.44,0.16,0.9705,0.4525,0.1635,0.245,10.0
F,0.675,0.515,0.17,1.3835,0.5785,0.2615,0.335,12.0
F,0.625,0.49,0.175,1.1235,0.5725,0.246,0.352,9.0
F,0.44,0.33,0.115,0.4405,0.17,0.0915,0.1205,9.0
F,0.575,0.445,0.15,0.876,0.4355,0.1625,0.23,11.0
I,0.44,0.325,0.11,0.3585,0.1425,0.0545,0.095,6.0
F,0.505,0.4,0.135,0.7635,0.2465,0.1605,0.205,11.0
F,0.6,0.455,0.145,0.877,0.435,0.2045,0.213,8.0
I,0.37,0.285,0.09,0.2235,0.097,0.049,0.08,5.0
F,0.555,0.435,0.16,0.837,0.3125,0.1625,0.285,14.0
F,0.63,0.48,0.15,1.06,0.475,0.197,0.32,10.0
F,0.69,0.52,0.175,1.859,0.914,0.469,0.5015,9.0
F,0.595,0.455,0.15,0.9445,0.4165,0.1625,0.277,7.0
F,0.545,0.43,0.15,0.8,0.344,0.1455,0.235,14.0
F,0.645,0.515,0.18,1.3485,0.5725,0.2555,0.415,18.0
F,0.705,0.555,0.215,1.8395,0.896,0.397,0.461,10.0
I,0.24,0.19,0.08,0.0945,0.065,0.013,0.025,8.0
F,0.58,0.46,0.145,0.8115,0.4,0.1635,0.245,10.0
F,0.605,0.46,0.145,0.908,0.4275,0.2635,0.255,10.0
I,0.405,0.305,0.09,0.388,0.1475,0.0815,0.095,6.0
F,0.56,0.44,0.155,0.876,0.4355,0.226,0.235,9.0
F,0.645,0.505,0.16,1.1685,0.5425,0.2525,0.32,10.0
M,0.275,0.21,0.075,0.1085,0.0445,0.0385,0.035,5.0
F,0.385,0.305,0.11,0.2835,0.115,0.0515,0.095,7.0
F,0.505,0.4,0.11,0.519,0.2485,0.1095,0.1455,6.0
F,0.625,0.48,0.16,1.1805,0.59,0.2635,0.285,8.0
F,0.72,0.565,0.2,1.89,0.8025,0.3595,0.435,9.0
F,0.55,0.43,0.155,0.8945,0.298,0.1555,0.33,14.0
M,0.35,0.265,0.075,0.196,0.074,0.066,0.058,9.0
I,0.335,0.265,0.08,0.16,0.0705,0.0265,0.058,6.0
M,0.57,0.455,0.145,0.8265,0.348,0.1605,0.265,15.0
F,0.515,0.4,0.135,0.622,0.2865,0.1605,0.17,8.0
F,0.67,0.52,0.2,1.464,0.65,0.292,0.415,13.0
I,0.385,0.285,0.09,0.251,0.097,0.051,0.085,8.0
F,0.65,0.505,0.16,1.3745,0.6525,0.296,0.36,9.0
F,0.685,0.525,0.18,2.381,1.1465,0.369,0.5045,11.0
I,0.41,0.325,0.11,0.3045,0.1245,0.07,0.09,7.0
F,0.57,0.455,0.16,1.0035,0.4645,0.2295,0.285,9.0
F,0.545,0.425,0.135,0.8395,0.4275,0.1405,0.23,8.0
F,0.625,0.49,0.175,1.406,0.7125,0.2715,0.395,12.0
F,0.575,0.43,0.145,0.869,0.4565,0.1795,0.26,8.0
F,0.545,0.405,0.15,0.8295,0.355,0.1525,0.235,12.0
F,0.55,0.425,0.15,0.6265,0.2565,0.1595,0.23,8.0
F,0.53,0.425,0.145,0.818,0.3865,0.21,0.234,9.0
F,0.545,0.43,0.135,0.8045,0.2455,0.1615,0.2345,11.0
F,0.625,0.48,0.16,1.0985,0.4645,0.2695,0.3,11.0
F,0.645,0.515,0.175,1.4545,0.575,0.2945,0.355,10.0
F,0.505,0.4,0.125,0.6785,0.3275,0.1235,0.17,8.0
F,0.515,0.37,0.125,0.5095,0.222,0.123,0.14,7.0
F,0.53,0.405,0.15,0.66,0.2545,0.1635,0.235,11.0
I,0.44,0.33,0.11,0.4205,0.167,0.0805,0.095,7.0
F,0.57,0.43,0.15,0.821,0.38,0.157,0.215,8.0
F,0.635,0.49,0.175,1.1645,0.594,0.3225,0.3245,8.0
M,0.66,0.525,0.215,1.859,0.7295,0.4835,0.47,11.0
F,0.595,0.46,0.155,1.1135,0.4605,0.25,0.31,8.0
F,0.63,0.49,0.175,1.1935,0.5425,0.2715,0.3285,9.0
F,0.625,0.48,0.15,1.0985,0.519,0.2205,0.285,9.0
F,0.6,0.48,0.175,1.098,0.378,0.276,0.295,23.0
F,0.385,0.3,0.11,0.2225,0.0925,0.05,0.08,6.0
F,0.625,0.49,0.155,1.1685,0.507,0.2595,0.34,11.0
F,0.505,0.4,0.135,0.6275,0.2545,0.1425,0.185,12.0
F,0.575,0.43,0.15,0.848,0.407,0.1645,0.202,8.0
F,0.505,0.395,0.125,0.5795,0.2445,0.1205,0.162,6.0
F,0.56,0.455,0.15,0.9445,0.38,0.174,0.245,10.0
F,0.545,0.435,0.125,0.8745,0.4605,0.1635,0.235,12.0
F,0.555,0.435,0.14,0.7265,0.3165,0.1615,0.23,9.0
F,0.645,0.52,0.175,1.3745,0.7165,0.2905,0.43,11.0
F,0.63,0.49,0.175,1.1835,0.492,0.292,0.328,10.0
F,0.46,0.35,0.125,0.4395,0.155,0.099,0.14,13.0
F,0.48,0.37,0.115,0.567,0.2865,0.1045,0.129,7.0
F,0.515,0.405,0.15,0.8165,0.2845,0.1535,0.285,15.0
F,0.655,0.505,0.16,1.38,0.594,0.2755,0.3,9.0
F,0.625,0.48,0.155,1.0145,0.483,0.273,0.3,9.0
I,0.41,0.315,0.105,0.3585,0.174,0.067,0.093,7.0
F,0.72,0.54,0.205,2.381,0.8745,0.5195,0.49,9.0
I,0.43,0.33,0.105,0.3535,0.163,0.074,0.096,6.0
I,0.505,0.38,0.115,0.6095,0.2925,0.15,0.17,8.0
I,0.385,0.26,0.08,0.213,0.077,0.0535,0.05,5.0
F,0.595,0.46,0.16,1.1215,0.4605,0.2645,0.31,9.0
F,0.595,0.48,0.16,1.1895,0.4355,0.2595,0.36,8.0
F,0.515,0.44,0.15,0.8275,0.3645,0.1625,0.2345,7.0
I,0.48,0.35,0.125,0.5095,0.2565,0.114,0.14,7.0
F,0.475,0.38,0.135,0.6335,0.2535,0.1325,0.161,6.0
F,0.56,0.43,0.155,0.8945,0.369,0.1805,0.275,11.0
F,0.69,0.52,0.17,1.6195,0.7105,0.317,0.396,11.0
F,0.44,0.35,0.11,0.409,0.1765,0.0925,0.14,7.0
M,0.475,0.37,0.125,0.4865,0.2025,0.0715,0.169,9.0
F,0.655,0.555,0.215,1.6275,0.7245,0.314,0.49,14.0
F,0.595,0.46,0.15,1.0945,0.4565,0.2695,0.295,9.0
F,0.58,0.47,0.175,0.895,0.3275,0.171,0.34,18.0
F,0.475,0.35,0.135,0.5795,0.1785,0.1205,0.185,13.0
F,0.58,0.46,0.15,1.0145,0.42,0.246,0.305,10.0
M,0.555,0.44,0.155,0.959,0.45,0.166,0.239,9.0
I,0.385,0.27,0.09,0.258,0.1665,0.064,0.07,8.0
F,0.57,0.46,0.155,1.1245,0.4255,0.2005,0.29,10.0
F,0.57,0.45,0.16,0.8995,0.38,0.2535,0.285,16.0
F,0.56,0.425,0.135,0.8145,0.38,0.1405,0.235,12.0
I,0.335,0.25,0.075,0.1855,0.0785,0.0305,0.056,8.0
F,0.6,0.475,0.16,1.09,0.5185,0.256,0.323,11.0
F,0.62,0.47,0.16,1.008,0.3885,0.246,0.32,12.0
F,0.575,0.44,0.16,0.8995,0.4285,0.1535,0.205,8.0
I,0.35,0.27,0.115,0.252,0.097,0.0595,0.08,13.0
F,0.615,0.485,0.18,1.0935,0.473,0.2625,0.3,7.0
F,0.69,0.54,0.2,1.821,0.7105,0.367,0.405,15.0
F,0.65,0.525,0.155,1.2435,0.5415,0.2655,0.344,14.0
F,0.655,0.525,0.2,1.4255,0.653,0.2995,0.435,16.0
M,0.595,0.49,0.15,1.098,0.486,0.2205,0.3,8.0
F,0.65,0.505,0.175,1.3835,0.642,0.2925,0.32,10.0
F,0.69,0.54,0.18,1.859,0.7105,0.4595,0.5,12.0
F,0.53,0.405,0.145,0.6275,0.2525,0.1415,0.175,11.0
F,0.705,0.555,0.175,1.3725,0.7105,0.3575,0.39,10.0
F,0.645,0.515,0.2,1.6605,0.575,0.3525,0.45,12.0
F,0.615,0.48,0.175,1.1935,0.531,0.247,0.34,10.0
F,0.65,0.525,0.18,1.4845,0.724,0.297,0.5,15.0
F,0.475,0.37,0.125,0.5785,0.229,0.1405,0.145,8.0
F,0.57,0.44,0.15,0.928,0.3825,0.1615,0.22,9.0
F,0.625,0.48,0.15,1.1235,0.5165,0.2215,0.3245,8.0
I,0.345,0.26,0.09,0.2245,0.094,0.0545,0.07,6.0
F,0.64,0.515,0.15,1.097,0.4355,0.216,0.32,8.0
F,0.615,0.48,0.15,1.098,0.5115,0.2525,0.295,12.0
F,0.645,0.505,0.175,1.3745,0.7115,0.35,0.455,10.0
M,0.605,0.475,0.15,1.0935,0.511,0.239,0.3,8.0
I,0.275,0.21,0.05,0.096,0.0445,0.0265,0.034,6.0
F,0.55,0.43,0.125,0.751,0.3245,0.1495,0.1785,8.0
I,0.275,0.225,0.075,0.1045,0.048,0.0245,0.035,6.0
F,0.575,0.45,0.15,0.8165,0.369,0.1435,0.202,7.0
I,0.18,0.115,0.035,0.042,0.0185,0.0095,0.0035,4.0
F,0.41,0.35,0.11,0.35,0.159,0.0745,0.12,7.0
F,0.575,0.435,0.155,0.8735,0.387,0.197,0.255,13.0
F,0.635,0.505,0.175,1.3735,0.7025,0.29,0.435,14.0
F,0.645,0.48,0.175,1.274,0.554,0.2925,0.355,11.0
F,0.555,0.44,0.15,0.8205,0.4125,0.179,0.235,9.0
F,0.655,0.515,0.18,1.401,0.5765,0.305,0.405,9.0
I,0.26,0.18,0.055,0.1295,0.0475,0.0255,0.025,5.0
F,0.515,0.395,0.125,0.578,0.2525,0.1405,0.185,13.0
F,0.575,0.435,0.155,0.8875,0.345,0.165,0.3295,11.0
F,0.56,0.44,0.135,0.835,0.383,0.1525,0.275,9.0
F,0.58,0.46,0.145,0.8435,0.345,0.156,0.275,14.0
I,0.235,0.17,0.05,0.0605,0.0285,0.009,0.01,5.0
F,0.63,0.48,0.18,1.1235,0.4605,0.2535,0.335,11.0
F,0.385,0.3,0.11,0.257,0.0925,0.0505,0.085,10.0
I,0.35,0.26,0.105,0.2245,0.07,0.0705,0.075,7.0
M,0.35,0.26,0.075,0.1835,0.073,0.0305,0.05,4.0
F,0.275,0.21,0.065,0.096,0.0425,0.0125,0.0355,6.0
F,0.475,0.355,0.135,0.471,0.216,0.12,0.14,7.0
F,0.66,0.525,0.175,1.4545,0.7155,0.2655,0.405,10.0
I,0.44,0.35,0.105,0.4585,0.1665,0.0955,0.1255,9.0
I,0.39,0.26,0.09,0.2895,0.1285,0.099,0.08,8.0
F,0.635,0.505,0.175,1.309,0.7245,0.2995,0.345,11.0
F,0.58,0.46,0.15,0.842,0.4275,0.163,0.228,8.0
F,0.685,0.52,0.2,1.587,0.7285,0.2955,0.435,11.0
F,0.66,0.515,0.175,1.6015,0.7275,0.3595,0.405,12.0
F,0.44,0.35,0.115,0.4545,0.165,0.0935,0.185,15.0
F,0.66,0.525,0.175,1.4095,0.7765,0.2995,0.44,11.0
F,0.65,0.52,0.175,1.4035,0.583,0.2635,0.355,11.0
F,0.575,0.45,0.15,0.8295,0.429,0.1725,0.27,8.0
F,0.55,0.425,0.135,0.8535,0.377,0.1525,0.1945,8.0
F,0.64,0.505,0.18,1.3535,0.5445,0.247,0.45,23.0
F,0.56,0.435,0.125,0.842,0.425,0.1525,0.245,8.0
F,0.565,0.425,0.15,0.871,0.3105,0.1645,0.2385,11.0
F,0.475,0.37,0.125,0.494,0.2825,0.0945,0.1345,8.0
M,0.44,0.35,0.11,0.3785,0.164,0.0795,0.12,8.0
F,0.555,0.425,0.16,0.8705,0.3245,0.1615,0.32,14.0
F,0.68,0.525,0.2,1.787,0.7285,0.3525,0.45,11.0
F,0.635,0.505,0.18,1.3745,0.565,0.297,0.43,11.0
F,0.645,0.505,0.155,1.1935,0.473,0.2455,0.3155,11.0
F,0.555,0.44,0.155,0.8295,0.4165,0.197,0.245,8.0
F,0.56,0.44,0.16,0.998,0.379,0.2595,0.275,10.0
F,0.575,0.45,0.145,0.812,0.3165,0.1555,0.295,9.0
F,0.41,0.315,0.11,0.335,0.159,0.099,0.09,11.0
F,0.63,0.515,0.175,1.6275,0.6865,0.3705,0.425,10.0
F,0.555,0.44,0.15,0.8205,0.3845,0.1625,0.23,9.0
F,0.575,0.44,0.155,0.8665,0.3845,0.1415,0.234,8.0
F,0.69,0.55,0.18,1.529,0.7325,0.2955,0.445,9.0
F,0.475,0.37,0.125,0.554,0.2855,0.1205,0.1205,8.0
I,0.36,0.27,0.09,0.1885,0.08,0.0385,0.056,4.0
F,0.67,0.505,0.15,1.1835,0.513,0.2595,0.295,9.0
F,0.69,0.52,0.195,1.842,0.7725,0.401,0.5175,9.0
F,0.575,0.44,0.15,0.8705,0.4525,0.188,0.23,9.0
F,0.44,0.35,0.135,0.4585,0.203,0.099,0.12,7.0
F,0.645,0.515,0.18,1.3035,0.605,0.2615,0.36,10.0
F,0.56,0.455,0.16,0.93,0.4525,0.221,0.295,8.0
I,0.46,0.35,0.11,0.3595,0.159,0.07,0.0905,6.0
F,0.365,0.265,0.075,0.164,0.0545,0.0385,0.08,13.0
F,0.595,0.46,0.155,1.0195,0.428,0.216,0.295,13.0
F,0.58,0.44,0.145,0.8745,0.414,0.171,0.23,9.0
F,0.58,0.44,0.135,0.8045,0.349,0.1605,0.23,9.0
M,0.645,0.52,0.2,1.406,0.575,0.2615,0.49,19.0
F,0.36,0.27,0.09,0.2295,0.0865,0.0515,0.08,6.0
F,0.575,0.455,0.175,0.871,0.418,0.1645,0.275,11.0
F,0.515,0.395,0.16,0.6335,0.2465,0.166,0.265,13.0
F,0.56,0.43,0.135,0.895,0.4005,0.1555,0.23,8.0
M,0.625,0.49,0.16,1.1835,0.519,0.233,0.355,12.0
F,0.505,0.38,0.115,0.6295,0.2845,0.1455,0.185,7.0
F,0.6,0.48,0.175,1.224,0.57,0.2655,0.308,9.0
F,0.56,0.44,0.155,0.8175,0.4275,0.1725,0.206,8.0
F,0.475,0.38,0.15,0.6995,0.2025,0.1575,0.2,11.0
F,0.655,0.455,0.2,1.4095,0.65,0.276,0.3,11.0
F,0.605,0.495,0.17,1.2435,0.5785,0.2735,0.335,14.0
F,0.58,0.44,0.145,0.8395,0.4195,0.185,0.245,8.0
F,0.475,0.38,0.115,0.5205,0.1965,0.1655,0.175,11.0
F,0.655,0.455,0.15,1.012,0.4335,0.246,0.245,11.0
F,0.625,0.525,0.155,1.247,0.5475,0.2555,0.3245,10.0
M,0.645,0.515,0.175,1.3745,0.604,0.2915,0.395,10.0
F,0.63,0.48,0.135,1.0045,0.4675,0.221,0.256,3.0
F,0.165,0.11,0.02,0.0145,0.0075,0.0045,0.0035,4.0
I,0.4,0.33,0.115,0.32,0.1225,0.0595,0.09,7.0
F,0.62,0.48,0.175,1.2435,0.4985,0.2615,0.535,8.0
F,0.595,0.455,0.155,1.04,0.4275,0.216,0.285,12.0
F,0.57,0.435,0.135,0.832,0.4245,0.1655,0.205,10.0
M,0.275,0.205,0.065,0.0945,0.036,0.0225,0.035,6.0
F,0.57,0.455,0.18,0.92,0.4545,0.2325,0.235,3.0
F,0.555,0.435,0.145,0.895,0.2825,0.164,0.285,16.0
F,0.695,0.52,0.175,1.42,0.7355,0.2595,0.405,15.0
F,0.58,0.46,0.145,1.04,0.45,0.246,0.31,10.0
F,0.575,0.44,0.145,0.8145,0.38,0.171,0.23,8.0
F,0.505,0.4,0.125,0.66,0.275,0.1235,0.255,15.0
F,0.575,0.455,0.15,0.97,0.4695,0.196,0.235,8.0
F,0.575,0.46,0.15,0.8745,0.391,0.1825,0.275,11.0
I,0.165,0.11,0.015,0.0145,0.005,0.0025,0.0045,4.0
I,0.185,0.13,0.05,0.035,0.011,0.0025,0.015,8.0
I,0.515,0.4,0.125,0.5945,0.244,0.102,0.18,8.0
F,0.385,0.285,0.105,0.282,0.097,0.0535,0.085,12.0
F,0.44,0.33,0.11,0.384,0.1655,0.071,0.12,10.0
F,0.515,0.4,0.145,0.6295,0.2465,0.1625,0.255,15.0
I,0.28,0.21,0.065,0.096,0.0205,0.0385,0.025,5.0
F,0.635,0.505,0.175,1.3035,0.3865,0.2525,0.36,16.0
F,0.555,0.43,0.13,0.782,0.378,0.1635,0.245,12.0
F,0.575,0.46,0.145,0.8605,0.322,0.186,0.285,10.0
F,0.675,0.55,0.175,1.326,0.69,0.2535,0.374,11.0
I,0.365,0.27,0.09,0.22,0.097,0.0545,0.078,7.0
F,0.66,0.505,0.175,1.3585,0.553,0.296,0.36,9.0
F,0.58,0.455,0.165,1.0935,0.4695,0.265,0.285,23.0
M,0.63,0.505,0.175,1.4555,0.7045,0.3515,0.445,13.0
F,0.6,0.475,0.16,1.0145,0.428,0.216,0.3,10.0
F,0.69,0.54,0.2,1.6185,0.6525,0.2595,0.58,19.0
F,0.53,0.425,0.15,0.8795,0.3525,0.1625,0.26,8.0
F,0.49,0.38,0.125,0.6945,0.279,0.1445,0.17,12.0
F,0.575,0.46,0.15,1.04,0.4525,0.2695,0.305,11.0
F,0.645,0.505,0.175,1.4405,0.68,0.2625,0.425,10.0
F,0.575,0.44,0.15,0.963,0.4605,0.2205,0.26,9.0
M,0.575,0.44,0.135,0.728,0.3025,0.156,0.255,7.0
F,0.58,0.46,0.155,0.907,0.4565,0.2435,0.245,11.0
F,0.6,0.48,0.16,0.89,0.4525,0.197,0.3185,11.0
F,0.575,0.455,0.15,1.042,0.419,0.2115,0.275,9.0
F,0.56,0.455,0.145,1.0645,0.4525,0.2595,0.275,10.0
I,0.43,0.33,0.11,0.401,0.2025,0.091,0.12,8.0
I,0.43,0.31,0.105,0.3535,0.1645,0.099,0.095,10.0
M,0.57,0.425,0.145,0.87,0.407,0.1635,0.223,13.0
F,0.29,0.225,0.075,0.0935,0.0335,0.0245,0.032,5.0
F,0.545,0.46,0.155,1.0035,0.4625,0.244,0.238,9.0
F,0.625,0.455,0.155,1.1045,0.5185,0.2525,0.337,9.0
F,0.595,0.46,0.18,1.1645,0.4565,0.2435,0.36,13.0
F,0.615,0.475,0.145,1.1245,0.5185,0.2905,0.292,11.0
F,0.475,0.36,0.115,0.463,0.191,0.09,0.12,7.0
F,0.57,0.455,0.16,0.869,0.3155,0.1655,0.245,12.0
I,0.23,0.17,0.055,0.04,0.0065,0.0055,0.01,4.0
F,0.53,0.425,0.135,0.83,0.355,0.1715,0.255,11.0
F,0.705,0.55,0.175,1.6195,0.7105,0.3515,0.49,16.0
F,0.625,0.49,0.18,1.238,0.575,0.2555,0.355,11.0
F,0.64,0.515,0.175,1.463,0.4245,0.3595,0.435,13.0
F,0.54,0.425,0.145,0.783,0.3155,0.163,0.23,9.0
F,0.615,0.48,0.175,1.1045,0.4155,0.273,0.355,13.0
F,0.64,0.52,0.175,1.4585,0.493,0.2915,0.415,19.0
F,0.57,0.43,0.135,0.8265,0.38,0.171,0.209,9.0
I,0.235,0.175,0.05,0.0705,0.0245,0.013,0.02,4.0
F,0.555,0.43,0.16,0.869,0.3865,0.1655,0.23,9.0
F,0.62,0.51,0.155,1.224,0.4245,0.245,0.355,11.0
F,0.595,0.435,0.155,0.832,0.377,0.171,0.275,12.0
F,0.65,0.515,0.175,1.4595,0.5765,0.2525,0.3705,12.0
F,0.475,0.35,0.14,0.57,0.2205,0.1255,0.17,10.0
I,0.4,0.3,0.105,0.3085,0.1245,0.0595,0.095,7.0
F,0.58,0.44,0.15,0.867,0.425,0.231,0.275,9.0
F,0.475,0.395,0.115,0.464,0.1665,0.091,0.1405,9.0
I,0.365,0.27,0.115,0.22,0.0845,0.0595,0.07,9.0
F,0.69,0.515,0.2,1.818,0.89,0.437,0.5,11.0
F,0.505,0.38,0.12,0.66,0.244,0.1525,0.196,11.0
F,0.63,0.48,0.15,1.12,0.5705,0.244,0.3,8.0
F,0.615,0.5,0.15,1.0145,0.483,0.2595,0.275,10.0
I,0.505,0.4,0.125,0.6645,0.2605,0.1495,0.175,8.0
F,0.515,0.405,0.135,0.7095,0.2845,0.1525,0.25,12.0
I,0.505,0.37,0.115,0.511,0.24,0.119,0.125,6.0
F,0.68,0.55,0.175,1.6,0.7035,0.2925,0.36,20.0
F,0.685,0.54,0.175,1.42,0.742,0.297,0.415,11.0
F,0.575,0.435,0.125,0.8395,0.4255,0.16,0.235,8.0
F,0.615,0.485,0.15,1.0985,0.4355,0.2655,0.355,10.0
F,0.675,0.54,0.16,1.098,0.4105,0.257,0.435,17.0
F,0.595,0.505,0.155,1.0145,0.445,0.2515,0.31,11.0
F,0.43,0.35,0.11,0.363,0.175,0.0935,0.135,7.0
F,0.685,0.525,0.175,1.6645,0.7335,0.3525,0.435,9.0
I,0.465,0.35,0.11,0.4485,0.1965,0.089,0.1195,7.0
I,0.35,0.25,0.075,0.1745,0.0785,0.0355,0.035,6.0
F,0.57,0.44,0.145,0.8775,0.4275,0.177,0.275,6.0
F,0.53,0.405,0.145,0.7635,0.2885,0.1555,0.169,14.0
F,0.53,0.405,0.145,0.7835,0.379,0.1425,0.22,7.0
F,0.385,0.285,0.08,0.24,0.08,0.0605,0.075,13.0
F,0.575,0.46,0.145,0.928,0.463,0.179,0.285,9.0
F,0.545,0.43,0.145,0.869,0.4225,0.1495,0.22,8.0
F,0.605,0.48,0.155,0.887,0.3275,0.196,0.335,13.0
F,0.595,0.49,0.155,1.165,0.531,0.259,0.34,10.0
F,0.44,0.33,0.1,0.3795,0.159,0.0945,0.12,9.0
F,0.56,0.425,0.15,0.8705,0.3185,0.1695,0.335,16.0
F,0.57,0.44,0.155,0.896,0.4695,0.1945,0.245,10.0
F,0.635,0.49,0.165,1.1835,0.5415,0.2635,0.335,10.0
F,0.44,0.35,0.105,0.393,0.1465,0.09,0.125,10.0
F,0.635,0.515,0.175,1.1835,0.475,0.2545,0.34,11.0
F,0.68,0.555,0.19,1.6115,0.586,0.36,0.445,18.0
F,0.555,0.43,0.145,0.8145,0.38,0.166,0.235,12.0
F,0.72,0.565,0.215,2.0045,0.9285,0.408,0.5265,10.0
F,0.515,0.4,0.135,0.8605,0.3295,0.1435,0.235,9.0
F,0.575,0.435,0.15,0.838,0.289,0.1715,0.275,13.0
F,0.675,0.54,0.18,1.57,0.7285,0.383,0.45,11.0
F,0.64,0.525,0.205,1.638,0.7115,0.2615,0.58,17.0
F,0.615,0.48,0.16,1.1845,0.5745,0.233,0.3275,8.0
F,0.575,0.46,0.155,1.106,0.447,0.2595,0.275,9.0
F,0.36,0.285,0.105,0.2445,0.0865,0.068,0.075,15.0
F,0.53,0.43,0.125,0.6635,0.2745,0.1455,0.23,10.0
F,0.66,0.515,0.175,1.35,0.554,0.2635,0.36,13.0
F,0.575,0.435,0.125,0.832,0.41,0.1625,0.23,7.0
I,0.18,0.125,0.05,0.029,0.0145,0.0095,0.0095,4.0
F,0.57,0.43,0.175,0.842,0.4275,0.1645,0.22,10.0
F,0.53,0.405,0.125,0.5985,0.25,0.1545,0.185,13.0
F,0.64,0.49,0.145,1.1045,0.5695,0.2595,0.3235,9.0
F,0.595,0.46,0.135,0.9545,0.4645,0.195,0.275,9.0
I,0.46,0.35,0.115,0.4495,0.1785,0.099,0.175,10.0
F,0.575,0.435,0.14,0.8295,0.3825,0.1615,0.255,10.0
F,0.635,0.505,0.15,1.1645,0.475,0.2595,0.34,12.0
M,0.44,0.33,0.135,0.416,0.1765,0.099,0.12,11.0
I,0.36,0.27,0.09,0.2295,0.097,0.0545,0.07,7.0
I,0.57,0.455,0.15,1.0035,0.4645,0.166,0.245,10.0
M,0.58,0.455,0.15,0.8355,0.3865,0.174,0.255,8.0
F,0.56,0.46,0.15,0.8995,0.3645,0.2555,0.275,12.0
F,0.63,0.49,0.15,1.224,0.57,0.2635,0.295,10.0
I,0.18,0.11,0.015,0.0195,0.005,0.0055,0.0055,4.0
F,0.58,0.455,0.15,0.976,0.4335,0.185,0.295,10.0
F,0.605,0.49,0.155,1.1835,0.493,0.2695,0.295,10.0
F,0.63,0.505,0.175,1.38,0.6355,0.2595,0.435,11.0
F,0.58,0.46,0.145,1.0145,0.4645,0.2355,0.3,9.0
F,0.58,0.44,0.145,0.8895,0.3,0.1655,0.255,15.0
I,0.365,0.265,0.075,0.18,0.094,0.0355,0.05,5.0
F,0.545,0.425,0.135,0.8435,0.3155,0.195,0.255,10.0
F,0.605,0.49,0.18,1.2495,0.5465,0.2925,0.305,9.0
F,0.545,0.425,0.15,0.742,0.2415,0.1615,0.245,13.0
F,0.57,0.43,0.16,1.013,0.4255,0.216,0.28,9.0
F,0.645,0.515,0.15,1.3845,0.54,0.2925,0.3,15.0
I,0.315,0.225,0.075,0.1285,0.099,0.0245,0.035,6.0
F,0.57,0.44,0.155,0.8,0.4025,0.196,0.214,8.0
F,0.56,0.43,0.175,0.869,0.3275,0.196,0.295,16.0
F,0.69,0.515,0.16,1.6275,0.741,0.342,0.309,10.0
F,0.63,0.49,0.15,1.04,0.4645,0.214,0.285,11.0
F,0.56,0.44,0.15,0.8795,0.4335,0.1635,0.275,15.0
F,0.57,0.425,0.135,0.8275,0.4115,0.163,0.285,9.0
F,0.545,0.43,0.135,0.8745,0.3845,0.1725,0.285,18.0
F,0.625,0.49,0.16,1.098,0.513,0.2955,0.295,12.0
F,0.505,0.395,0.11,0.6025,0.246,0.1405,0.17,7.0
F,0.515,0.4,0.15,0.8265,0.4525,0.1515,0.2035,8.0
F,0.67,0.52,0.175,1.6645,0.7285,0.3345,0.405,11.0
M,0.64,0.48,0.175,1.1835,0.4275,0.271,0.36,18.0
F,0.56,0.425,0.18,0.879,0.2465,0.1405,0.275,17.0
F,0.505,0.395,0.11,0.6985,0.3155,0.1545,0.195,8.0
I,0.4,0.3,0.105,0.3045,0.1425,0.0735,0.085,5.0
F,0.71,0.56,0.215,2.098,0.9125,0.3525,0.5015,15.0
F,0.615,0.48,0.16,1.093,0.4605,0.271,0.31,9.0
F,0.605,0.48,0.175,1.1645,0.4285,0.2805,0.335,18.0
F,0.515,0.395,0.115,0.637,0.3175,0.1445,0.17,8.0
F,0.555,0.425,0.15,0.869,0.38,0.171,0.23,10.0
F,0.625,0.48,0.155,1.0935,0.4405,0.2515,0.355,15.0
F,0.69,0.52,0.215,1.5745,0.7285,0.2925,0.49,11.0
F,0.44,0.35,0.115,0.384,0.1625,0.07,0.12,10.0
F,0.675,0.55,0.2,1.7835,0.7275,0.3535,0.535,16.0
F,0.4,0.32,0.09,0.3745,0.146,0.0805,0.08,8.0
F,0.58,0.44,0.14,0.832,0.4335,0.1615,0.23,9.0
I,0.365,0.26,0.09,0.1895,0.079,0.0305,0.07,7.0
F,0.595,0.425,0.15,1.04,0.3845,0.2575,0.355,15.0
I,0.275,0.19,0.065,0.096,0.053,0.0255,0.028,6.0
F,0.72,0.565,0.22,2.098,1.09,0.4895,0.49,8.0
F,0.46,0.33,0.125,0.406,0.1645,0.0945,0.12,9.0
F,0.635,0.515,0.175,1.1785,0.4605,0.226,0.343,10.0
F,0.605,0.48,0.15,1.0885,0.4645,0.2595,0.288,11.0
F,0.555,0.435,0.16,0.858,0.435,0.166,0.275,10.0
F,0.635,0.49,0.15,1.09,0.4525,0.2555,0.32,11.0
F,0.53,0.425,0.135,0.7665,0.3245,0.1405,0.175,9.0
I,0.44,0.35,0.115,0.447,0.1765,0.0905,0.12,12.0
F,0.65,0.49,0.165,1.187,0.5775,0.247,0.31,10.0
F,0.56,0.43,0.115,0.8265,0.4695,0.2005,0.185,8.0
F,0.57,0.46,0.15,1.1605,0.517,0.2455,0.31,11.0
I,0.35,0.245,0.075,0.18,0.079,0.0335,0.035,6.0
I,0.575,0.425,0.135,0.8735,0.4155,0.171,0.25,9.0
F,0.66,0.525,0.175,1.566,0.7035,0.296,0.405,11.0
F,0.6,0.48,0.175,0.8275,0.4005,0.1655,0.275,10.0
I,0.545,0.435,0.145,0.7635,0.322,0.1455,0.239,10.0
F,0.67,0.525,0.175,1.3735,0.7245,0.2545,0.43,13.0
F,0.47,0.38,0.16,0.6765,0.2085,0.119,0.295,13.0
F,0.65,0.515,0.18,1.6,0.6525,0.2925,0.525,23.0
F,0.505,0.38,0.125,0.6765,0.25,0.1515,0.145,11.0
I,0.35,0.265,0.09,0.22,0.097,0.0455,0.08,6.0
F,0.46,0.35,0.11,0.4425,0.191,0.075,0.1405,7.0
F,0.53,0.425,0.125,0.6335,0.2485,0.1525,0.205,10.0
F,0.57,0.455,0.16,0.8875,0.361,0.195,0.275,13.0
F,0.615,0.455,0.175,1.38,0.6985,0.266,0.3185,10.0
F,0.515,0.4,0.155,0.6335,0.25,0.1255,0.17,8.0
F,0.36,0.27,0.1,0.2285,0.097,0.067,0.085,10.0
F,0.545,0.435,0.15,0.6935,0.216,0.1555,0.255,11.0
F,0.57,0.455,0.145,1.0145,0.3845,0.2295,0.255,9.0
F,0.6,0.48,0.16,1.09,0.492,0.216,0.3,9.0
F,0.575,0.44,0.145,0.8705,0.4235,0.1635,0.235,11.0
F,0.545,0.43,0.145,0.89,0.361,0.1625,0.285,11.0
F,0.645,0.52,0.175,1.6275,0.7245,0.394,0.415,11.0
F,0.625,0.48,0.155,1.1835,0.4695,0.2695,0.34,10.0
I,0.365,0.27,0.09,0.2805,0.0945,0.099,0.08,20.0
F,0.625,0.49,0.16,1.22,0.616,0.2555,0.309,10.0
F,0.545,0.405,0.145,0.8265,0.4355,0.174,0.245,8.0
F,0.23,0.18,0.05,0.0945,0.0255,0.014,0.025,3.0
F,0.57,0.435,0.125,0.6645,0.261,0.1525,0.1745,10.0
F,0.695,0.52,0.175,1.7835,0.8,0.402,0.425,11.0
F,0.625,0.48,0.155,1.0945,0.5205,0.223,0.3245,10.0
F,0.635,0.48,0.16,1.489,0.7265,0.29,0.32,10.0
F,0.57,0.44,0.155,0.8295,0.4255,0.185,0.245,9.0
F,0.545,0.43,0.135,0.832,0.3885,0.166,0.23,9.0
F,0.515,0.4,0.135,0.6995,0.2895,0.1655,0.17,7.0
F,0.63,0.525,0.17,1.3585,0.6605,0.311,0.395,11.0
F,0.57,0.455,0.155,1.1085,0.4275,0.2695,0.27,13.0
F,0.46,0.33,0.125,0.388,0.1685,0.0955,0.11,6.0
M,0.53,0.425,0.135,0.8395,0.3885,0.1625,0.23,10.0
F,0.53,0.395,0.105,0.6355,0.2845,0.1265,0.15,7.0
I,0.4,0.305,0.11,0.306,0.109,0.068,0.095,7.0
F,0.625,0.49,0.16,1.096,0.4565,0.239,0.3,14.0
F,0.63,0.48,0.16,1.1335,0.475,0.2615,0.31,12.0
F,0.56,0.435,0.15,0.8945,0.418,0.1615,0.23,8.0
F,0.575,0.44,0.16,1.1245,0.4535,0.211,0.285,14.0
I,0.34,0.26,0.075,0.1885,0.0745,0.0455,0.05,6.0
F,0.57,0.46,0.145,1.0265,0.3825,0.2035,0.245,14.0
F,0.635,0.525,0.18,1.3835,0.6525,0.3565,0.405,12.0
I,0.195,0.15,0.065,0.029,0.0075,0.013,0.01,4.0
F,0.66,0.505,0.18,1.6275,0.553,0.29,0.465,15.0
F,0.525,0.405,0.135,0.6095,0.2585,0.102,0.17,7.0
F,0.655,0.525,0.175,1.4265,0.7045,0.3525,0.36,9.0
F,0.575,0.48,0.16,1.0145,0.4245,0.2205,0.3185,7.0
F,0.36,0.275,0.115,0.2285,0.0945,0.0455,0.0945,7.0
F,0.605,0.475,0.16,1.1385,0.4645,0.2945,0.3185,8.0
F,0.385,0.285,0.105,0.223,0.0925,0.0525,0.097,7.0
F,0.57,0.44,0.125,0.8705,0.3845,0.1645,0.24,8.0
F,0.695,0.55,0.15,1.5085,0.7285,0.3835,0.295,9.0
F,0.63,0.48,0.16,1.2435,0.513,0.2635,0.32,12.0
F,0.57,0.48,0.155,0.8395,0.4355,0.1635,0.275,10.0
F,0.635,0.505,0.175,1.3585,0.605,0.2595,0.32,9.0
F,0.615,0.48,0.15,1.133,0.4525,0.2615,0.285,10.0
F,0.63,0.48,0.155,1.251,0.519,0.2615,0.355,12.0
F,0.705,0.55,0.175,1.8795,0.785,0.427,0.5,9.0
F,0.575,0.46,0.155,0.9745,0.425,0.1645,0.245,8.0
F,0.615,0.48,0.145,1.1035,0.4605,0.2525,0.3245,11.0
F,0.53,0.405,0.15,0.8035,0.3275,0.179,0.285,13.0
F,0.625,0.49,0.16,1.2435,0.594,0.296,0.285,11.0
F,0.64,0.515,0.15,1.1635,0.5425,0.247,0.285,8.0
I,0.4,0.29,0.1,0.2645,0.1265,0.051,0.07,7.0
F,0.36,0.26,0.09,0.2295,0.0885,0.0385,0.075,7.0
F,0.555,0.425,0.16,0.8265,0.3885,0.1545,0.245,10.0
F,0.48,0.35,0.115,0.4595,0.171,0.0935,0.127,7.0
M,0.615,0.48,0.165,1.066,0.4155,0.2595,0.285,10.0
M,0.695,0.55,0.2,1.8395,0.8005,0.408,0.5,18.0
F,0.57,0.43,0.15,0.8265,0.381,0.16,0.245,9.0
F,0.625,0.49,0.155,1.0145,0.4605,0.2635,0.292,10.0
F,0.63,0.48,0.18,1.12,0.4545,0.2695,0.275,14.0
I,0.475,0.37,0.11,0.5085,0.2025,0.091,0.157,7.0
F,0.53,0.4,0.125,0.6335,0.304,0.1595,0.169,10.0
F,0.6,0.48,0.2,1.137,0.4245,0.2695,0.425,20.0
F,0.69,0.55,0.175,1.842,0.77,0.3615,0.405,10.0
F,0.635,0.515,0.19,1.276,0.5725,0.2655,0.335,11.0
F,0.635,0.48,0.165,1.3835,0.57,0.2615,0.3175,9.0
F,0.375,0.285,0.09,0.2235,0.0925,0.0595,0.075,11.0
F,0.555,0.435,0.15,0.8495,0.4335,0.168,0.23,9.0
F,0.625,0.435,0.15,0.9915,0.4525,0.2595,0.285,9.0
I,0.385,0.285,0.08,0.2505,0.0705,0.066,0.08,7.0
F,0.605,0.495,0.15,1.1835,0.4605,0.2515,0.3445,8.0
F,0.64,0.515,0.2,1.3745,0.5725,0.2985,0.41,17.0
F,0.635,0.48,0.18,1.1635,0.5115,0.278,0.34,12.0
F,0.36,0.285,0.105,0.2285,0.098,0.0405,0.08,14.0
F,0.625,0.49,0.16,1.1645,0.4945,0.2915,0.335,10.0
F,0.585,0.45,0.16,0.857,0.3445,0.195,0.255,10.0
F,0.555,0.425,0.135,0.6645,0.3295,0.1245,0.175,6.0
F,0.505,0.38,0.155,0.6355,0.2465,0.123,0.175,18.0
F,0.57,0.44,0.135,0.8355,0.4275,0.185,0.235,6.0
F,0.475,0.35,0.125,0.467,0.2085,0.091,0.152,11.0
F,0.44,0.35,0.125,0.406,0.163,0.0905,0.13,8.0
F,0.53,0.35,0.115,0.4545,0.2565,0.1115,0.145,7.0
F,0.67,0.54,0.205,1.6785,0.7155,0.408,0.49,16.0
F,0.555,0.435,0.15,0.8275,0.3245,0.1685,0.285,12.0
M,0.49,0.38,0.135,0.6645,0.282,0.156,0.169,10.0
F,0.55,0.425,0.145,0.8395,0.42,0.1635,0.23,9.0
F,0.675,0.52,0.18,1.56,0.7355,0.362,0.389,8.0
M,0.58,0.46,0.145,0.8295,0.3,0.163,0.3,15.0
F,0.645,0.525,0.215,1.67,0.812,0.367,0.45,15.0
F,0.71,0.57,0.2,1.89,0.7765,0.42,0.49,11.0
M,0.63,0.48,0.16,1.352,0.5765,0.2935,0.3175,10.0
F,0.41,0.3,0.105,0.2885,0.112,0.0495,0.095,12.0
F,0.645,0.515,0.155,1.2435,0.548,0.2555,0.3245,9.0
F,0.6,0.46,0.15,1.04,0.441,0.216,0.292,9.0
F,0.575,0.44,0.155,1.0145,0.4515,0.243,0.295,12.0
F,0.505,0.4,0.125,0.5935,0.2565,0.123,0.1705,7.0
F,0.645,0.48,0.16,1.3835,0.5885,0.3115,0.3645,12.0
F,0.475,0.37,0.12,0.4895,0.2025,0.1235,0.125,8.0
F,0.6,0.48,0.155,1.012,0.4645,0.2695,0.3,14.0
F,0.58,0.46,0.145,0.845,0.285,0.1725,0.255,14.0
F,0.6,0.47,0.15,1.106,0.4605,0.2635,0.3235,8.0
F,0.595,0.46,0.16,1.098,0.4645,0.2645,0.335,11.0
I,0.385,0.27,0.1,0.251,0.12,0.0595,0.08,7.0
F,0.65,0.515,0.175,1.2415,0.575,0.2635,0.335,10.0
M,0.475,0.38,0.145,0.6275,0.211,0.12,0.235,17.0
I,0.36,0.25,0.075,0.18,0.0865,0.0265,0.035,4.0
F,0.705,0.56,0.21,1.6275,0.7245,0.3525,0.55,24.0
F,0.63,0.48,0.16,1.04,0.4645,0.2545,0.285,10.0
F,0.71,0.555,0.16,1.6335,0.7105,0.331,0.535,11.0
I,0.275,0.2,0.065,0.096,0.0365,0.0335,0.025,5.0
F,0.475,0.355,0.135,0.6735,0.4155,0.0915,0.185,8.0
F,0.515,0.405,0.115,0.6935,0.253,0.1295,0.175,8.0
F,0.575,0.44,0.135,0.876,0.4645,0.197,0.235,8.0
F,0.6,0.48,0.175,1.04,0.391,0.239,0.31,13.0
F,0.575,0.45,0.145,0.8745,0.425,0.196,0.245,8.0
F,0.58,0.46,0.15,1.1045,0.4125,0.26,0.349,12.0
F,0.685,0.525,0.18,1.5945,0.7105,0.4005,0.435,8.0
I,0.43,0.35,0.115,0.4215,0.167,0.0725,0.114,6.0
F,0.575,0.43,0.15,0.8715,0.4525,0.1715,0.223,7.0
I,0.28,0.21,0.075,0.1245,0.0385,0.0335,0.035,6.0
F,0.645,0.55,0.215,1.6395,0.7245,0.402,0.43,9.0
F,0.57,0.455,0.155,0.8535,0.3245,0.174,0.275,15.0
F,0.53,0.395,0.135,0.6295,0.2845,0.114,0.195,8.0
F,0.645,0.49,0.155,1.463,0.7605,0.2655,0.3185,8.0
F,0.57,0.46,0.125,1.045,0.4355,0.2525,0.295,15.0
F,0.605,0.49,0.16,1.1955,0.515,0.2695,0.3,10.0
F,0.68,0.56,0.2,1.89,0.8245,0.422,0.5255,11.0
F,0.695,0.56,0.2,1.857,0.931,0.413,0.455,9.0
F,0.64,0.48,0.16,1.0445,0.49,0.2545,0.295,9.0
I,0.35,0.265,0.075,0.1685,0.0725,0.0385,0.05,6.0
F,0.645,0.505,0.22,1.6605,0.7025,0.332,0.43,12.0
F,0.595,0.505,0.135,0.966,0.45,0.1545,0.22,7.0
F,0.32,0.245,0.075,0.1485,0.074,0.0335,0.05,5.0
F,0.625,0.49,0.16,1.1645,0.485,0.256,0.3395,10.0
I,0.415,0.33,0.115,0.325,0.134,0.0805,0.07,8.0
F,0.715,0.525,0.18,1.8395,0.8545,0.408,0.395,9.0
F,0.615,0.48,0.155,1.224,0.4155,0.2525,0.335,14.0
M,0.36,0.265,0.075,0.18,0.0685,0.041,0.058,12.0
F,0.575,0.45,0.15,0.89,0.2465,0.25,0.295,8.0
F,0.65,0.505,0.2,1.542,0.7105,0.2555,0.49,9.0
F,0.605,0.47,0.165,1.1245,0.475,0.276,0.285,12.0
F,0.605,0.48,0.16,1.1245,0.4995,0.221,0.32,12.0
F,0.625,0.48,0.18,1.1635,0.4625,0.2635,0.344,23.0
M,0.41,0.35,0.11,0.4045,0.163,0.071,0.12,7.0
F,0.615,0.49,0.16,1.198,0.565,0.2535,0.3185,11.0
F,0.555,0.425,0.15,0.876,0.3695,0.221,0.255,10.0
F,0.65,0.52,0.175,1.6275,0.742,0.374,0.49,11.0
F,0.515,0.405,0.155,0.6955,0.245,0.1615,0.275,16.0
F,0.615,0.48,0.135,1.1635,0.53,0.2615,0.335,12.0
I,0.385,0.285,0.08,0.28,0.118,0.064,0.0755,7.0
I,0.48,0.37,0.135,0.6175,0.2565,0.1215,0.185,7.0
F,0.58,0.435,0.145,0.892,0.4545,0.196,0.245,7.0
F,0.67,0.52,0.175,1.638,0.713,0.3485,0.535,14.0
M,0.6,0.475,0.155,1.0835,0.4115,0.2695,0.3,11.0
F,0.58,0.455,0.15,0.92,0.445,0.2095,0.245,9.0
M,0.575,0.455,0.13,0.8945,0.38,0.1915,0.275,11.0
F,0.36,0.265,0.105,0.22,0.0705,0.0545,0.08,12.0
F,0.6,0.48,0.16,1.096,0.4525,0.216,0.309,11.0
F,0.625,0.485,0.18,1.2435,0.519,0.2645,0.32,9.0
F,0.58,0.455,0.175,0.8935,0.4155,0.1625,0.265,10.0
I,0.48,0.38,0.125,0.6335,0.2665,0.144,0.17,7.0
F,0.43,0.325,0.11,0.3675,0.14,0.091,0.12,10.0
I,0.335,0.25,0.075,0.16,0.0605,0.0335,0.05,7.0
F,0.35,0.265,0.09,0.2295,0.0985,0.0525,0.0705,6.0
F,0.655,0.525,0.165,1.7095,0.6885,0.3565,0.415,8.0
F,0.58,0.46,0.155,0.895,0.3285,0.1635,0.235,19.0
I,0.44,0.35,0.105,0.384,0.139,0.099,0.117,7.0
F,0.575,0.435,0.15,0.857,0.4355,0.1605,0.255,12.0
F,0.6,0.48,0.16,1.142,0.572,0.2095,0.3,10.0
I,0.185,0.15,0.05,0.0435,0.0145,0.0055,0.01,4.0
F,0.65,0.505,0.175,1.2435,0.5725,0.301,0.405,11.0
F,0.555,0.44,0.125,0.9235,0.3865,0.1805,0.235,11.0
F,0.555,0.455,0.145,0.8085,0.3845,0.15,0.255,8.0
I,0.255,0.21,0.075,0.0985,0.038,0.0245,0.03,10.0
F,0.385,0.27,0.075,0.2285,0.0945,0.0385,0.05,6.0
F,0.63,0.48,0.175,1.0185,0.4225,0.247,0.355,15.0
I,0.43,0.33,0.105,0.3785,0.167,0.0795,0.1,6.0
F,0.635,0.49,0.16,1.1845,0.5775,0.276,0.32,11.0
M,0.515,0.4,0.125,0.6335,0.295,0.1405,0.175,8.0
F,0.515,0.4,0.135,0.8435,0.3175,0.1635,0.2,15.0
I,0.36,0.265,0.075,0.2295,0.0915,0.0495,0.07,6.0
M,0.43,0.33,0.11,0.383,0.1625,0.0955,0.085,5.0
F,0.69,0.56,0.18,1.9565,0.8725,0.4225,0.49,9.0
F,0.575,0.455,0.16,1.12,0.513,0.2495,0.32,8.0
F,0.575,0.45,0.135,0.95,0.486,0.2005,0.23,8.0
F,0.545,0.425,0.135,0.6995,0.229,0.1535,0.23,11.0
F,0.515,0.405,0.135,0.7665,0.3135,0.1455,0.185,7.0
F,0.555,0.43,0.135,0.769,0.275,0.15,0.235,13.0
F,0.53,0.405,0.125,0.6035,0.25,0.1435,0.185,10.0
F,0.65,0.515,0.155,1.3535,0.575,0.2955,0.455,11.0
F,0.695,0.56,0.215,1.8605,0.931,0.419,0.44,11.0
F,0.57,0.44,0.135,0.714,0.2865,0.1515,0.235,10.0
F,0.58,0.46,0.145,0.9355,0.4685,0.2655,0.255,8.0
I,0.5,0.37,0.125,0.5795,0.2405,0.0925,0.17,8.0
F,0.51,0.4,0.14,0.6355,0.275,0.1405,0.17,8.0
F,0.625,0.49,0.16,1.0645,0.4275,0.239,0.335,12.0
F,0.545,0.43,0.125,0.837,0.38,0.1525,0.1745,7.0
F,0.65,0.52,0.175,1.522,0.7205,0.297,0.405,10.0
I,0.43,0.33,0.11,0.3595,0.17,0.0785,0.085,7.0
F,0.56,0.43,0.15,0.8995,0.4105,0.197,0.235,10.0
F,0.595,0.455,0.155,0.928,0.4615,0.185,0.271,9.0
F,0.69,0.525,0.2,1.858,0.7485,0.408,0.415,13.0
I,0.275,0.19,0.065,0.096,0.0405,0.0245,0.025,6.0
F,0.53,0.405,0.145,0.7205,0.3125,0.1425,0.24,9.0
F,0.58,0.455,0.155,0.9035,0.435,0.214,0.285,9.0
I,0.18,0.15,0.05,0.045,0.0185,0.0095,0.01,5.0
F,0.57,0.44,0.175,0.8875,0.2825,0.2005,0.285,13.0
I,0.335,0.265,0.075,0.1885,0.0725,0.0525,0.05,7.0
F,0.44,0.35,0.12,0.425,0.173,0.0935,0.125,9.0
I,0.36,0.27,0.09,0.2295,0.09,0.038,0.07,8.0
F,0.44,0.35,0.11,0.4595,0.188,0.08,0.12,7.0
F,0.555,0.43,0.15,0.869,0.3865,0.195,0.275,10.0
F,0.575,0.46,0.155,0.9265,0.4355,0.2255,0.254,8.0
F,0.515,0.4,0.125,0.511,0.2025,0.1225,0.17,8.0
F,0.515,0.38,0.135,0.6645,0.3285,0.1235,0.18,7.0
F,0.35,0.265,0.105,0.22,0.0845,0.051,0.085,10.0
I,0.365,0.26,0.1,0.2285,0.08,0.051,0.07,13.0
F,0.505,0.38,0.125,0.6355,0.275,0.1595,0.17,9.0
F,0.69,0.55,0.175,1.8265,0.7125,0.367,0.45,10.0
F,0.515,0.395,0.145,0.8605,0.2845,0.1635,0.235,15.0
F,0.56,0.43,0.15,0.876,0.396,0.196,0.25,9.0
F,0.58,0.46,0.16,1.0635,0.4585,0.244,0.295,9.0
F,0.545,0.44,0.125,0.8255,0.3285,0.175,0.235,12.0
F,0.56,0.43,0.135,0.8295,0.3885,0.1625,0.23,7.0
F,0.615,0.455,0.18,1.06,0.475,0.2095,0.31,10.0
F,0.67,0.525,0.18,1.286,0.4605,0.266,0.44,19.0
F,0.615,0.48,0.175,1.0935,0.4605,0.223,0.275,14.0
I,0.35,0.265,0.075,0.1795,0.077,0.0335,0.058,4.0
F,0.6,0.475,0.175,1.0145,0.4355,0.2225,0.3235,10.0
M,0.36,0.275,0.09,0.2235,0.0885,0.05,0.085,10.0
F,0.64,0.525,0.22,1.5945,0.7185,0.313,0.58,10.0
F,0.545,0.435,0.15,0.8445,0.4205,0.1655,0.245,12.0
F,0.575,0.46,0.15,0.95,0.4535,0.1695,0.23,11.0
F,0.67,0.54,0.18,1.2835,0.4135,0.2925,0.425,10.0
F,0.67,0.525,0.175,1.6385,0.7245,0.374,0.3995,8.0
F,0.505,0.38,0.135,0.6355,0.2825,0.1315,0.18,12.0
M,0.35,0.265,0.09,0.1635,0.0685,0.0525,0.07,20.0
I,0.255,0.2,0.065,0.096,0.0285,0.027,0.03,6.0
F,0.53,0.405,0.135,0.8205,0.2845,0.179,0.255,15.0
F,0.625,0.49,0.155,1.12,0.4275,0.2475,0.309,9.0
F,0.72,0.56,0.2,1.832,0.8945,0.397,0.595,13.0
F,0.57,0.425,0.125,0.837,0.4405,0.1675,0.238,7.0
I,0.475,0.35,0.115,0.4015,0.173,0.099,0.0885,7.0
F,0.615,0.46,0.155,1.0045,0.4565,0.2215,0.3185,9.0
F,0.625,0.48,0.16,1.1635,0.5785,0.259,0.34,8.0
F,0.575,0.46,0.15,0.906,0.4645,0.1545,0.2395,8.0
I,0.36,0.28,0.105,0.2445,0.093,0.0545,0.078,8.0
F,0.625,0.49,0.16,1.1095,0.4645,0.2595,0.335,11.0
I,0.275,0.105,0.03,0.096,0.027,0.0075,0.032,4.0
F,0.56,0.45,0.125,0.8995,0.3,0.169,0.255,16.0
F,0.545,0.425,0.15,0.8295,0.2565,0.1715,0.295,14.0
F,0.605,0.48,0.155,1.12,0.4505,0.26,0.32,19.0
F,0.58,0.46,0.135,0.971,0.4565,0.2355,0.254,9.0
F,0.65,0.505,0.165,1.8085,0.7175,0.317,0.3745,8.0
F,0.58,0.455,0.145,1.089,0.391,0.196,0.3645,14.0
F,0.575,0.43,0.15,0.9235,0.38,0.225,0.255,5.0
F,0.545,0.455,0.145,0.7835,0.383,0.1625,0.23,9.0
F,0.575,0.455,0.16,0.8395,0.349,0.166,0.228,10.0
F,0.65,0.515,0.175,1.3745,0.5105,0.2615,0.405,29.0
F,0.515,0.4,0.135,0.6985,0.2565,0.1625,0.205,8.0
F,0.43,0.345,0.105,0.401,0.1665,0.0785,0.125,10.0
F,0.635,0.515,0.155,1.3745,0.6525,0.296,0.3185,11.0
F,0.475,0.37,0.125,0.5795,0.2425,0.1295,0.185,11.0
F,0.56,0.425,0.155,0.8295,0.4605,0.204,0.23,8.0
F,0.43,0.33,0.11,0.396,0.1685,0.071,0.12,9.0
M,0.575,0.455,0.15,0.8275,0.3845,0.17,0.235,9.0
F,0.57,0.44,0.16,1.0135,0.4625,0.2655,0.271,8.0
F,0.58,0.48,0.155,1.012,0.4245,0.2595,0.335,12.0
I,0.575,0.43,0.135,0.8545,0.358,0.1605,0.239,11.0
F,0.555,0.43,0.15,0.8795,0.377,0.209,0.24,12.0
F,0.615,0.48,0.175,1.0185,0.4115,0.2595,0.3,10.0
F,0.545,0.43,0.125,0.8665,0.3525,0.1635,0.2055,11.0
M,0.535,0.43,0.135,0.8395,0.414,0.1655,0.245,9.0
F,0.605,0.48,0.175,1.2435,0.4985,0.2945,0.34,13.0
M,0.695,0.55,0.2,2.0805,1.0285,0.4855,0.503,8.0
F,0.62,0.48,0.175,1.0185,0.4525,0.2545,0.34,11.0
F,0.58,0.455,0.14,1.0035,0.57,0.225,0.254,9.0
F,0.575,0.455,0.16,1.098,0.3165,0.25,0.32,14.0
F,0.66,0.525,0.18,1.7045,0.7285,0.3535,0.43,11.0
F,0.41,0.315,0.11,0.3595,0.1625,0.0725,0.1095,10.0
F,0.56,0.43,0.135,0.8165,0.2825,0.196,0.245,12.0
I,0.475,0.36,0.11,0.44,0.203,0.1015,0.1245,7.0
F,0.545,0.44,0.145,0.887,0.3865,0.15,0.23,10.0
F,0.57,0.44,0.18,0.8795,0.3245,0.1625,0.255,13.0
F,0.615,0.455,0.15,0.986,0.275,0.1625,0.355,16.0
F,0.575,0.425,0.155,0.857,0.3275,0.156,0.23,8.0
F,0.645,0.52,0.175,1.4045,0.724,0.2955,0.399,11.0
F,0.66,0.54,0.175,1.6645,0.6845,0.3655,0.44,13.0
F,0.63,0.48,0.18,1.173,0.391,0.2655,0.395,13.0
F,0.675,0.535,0.18,1.621,0.7335,0.3595,0.405,10.0
I,0.315,0.225,0.075,0.168,0.0815,0.0385,0.045,9.0
F,0.57,0.435,0.135,0.8995,0.4645,0.1515,0.196,7.0
F,0.58,0.435,0.155,0.9045,0.445,0.1615,0.235,11.0
F,0.515,0.405,0.135,0.7635,0.251,0.132,0.205,13.0
F,0.555,0.425,0.135,0.724,0.348,0.1595,0.2045,9.0
F,0.53,0.405,0.115,0.6605,0.289,0.1455,0.1755,7.0
F,0.63,0.49,0.155,1.229,0.492,0.259,0.295,12.0
F,0.56,0.44,0.135,0.8395,0.4125,0.1625,0.2055,8.0
F,0.625,0.48,0.155,1.1695,0.493,0.2635,0.3,9.0
F,0.505,0.395,0.125,0.6175,0.2545,0.1275,0.17,6.0
F,0.58,0.46,0.155,0.92,0.4245,0.2185,0.255,8.0
F,0.515,0.4,0.135,0.6645,0.2865,0.1415,0.175,9.0
F,0.58,0.43,0.16,0.837,0.2885,0.168,0.239,19.0
F,0.42,0.33,0.11,0.3795,0.155,0.099,0.095,13.0
F,0.43,0.35,0.115,0.549,0.2465,0.144,0.145,7.0
I,0.365,0.275,0.115,0.2435,0.0945,0.0595,0.07,7.0
F,0.64,0.515,0.18,1.463,0.6865,0.3485,0.415,13.0
F,0.645,0.49,0.2,1.4035,0.7,0.294,0.415,9.0
F,0.56,0.44,0.15,0.8665,0.41,0.174,0.23,8.0
F,0.575,0.44,0.145,0.8085,0.3195,0.1635,0.255,8.0
F,0.44,0.35,0.115,0.393,0.175,0.0715,0.12,12.0
F,0.625,0.49,0.175,1.2835,0.5195,0.2695,0.335,12.0
F,0.605,0.48,0.16,1.2235,0.605,0.2615,0.308,9.0
F,0.64,0.505,0.175,1.56,0.6925,0.363,0.415,11.0
F,0.48,0.38,0.135,0.5745,0.216,0.1225,0.175,11.0
F,0.635,0.49,0.175,1.4095,0.724,0.327,0.3285,11.0
F,0.575,0.46,0.15,0.9535,0.38,0.16,0.262,8.0
F,0.65,0.52,0.175,1.624,0.7245,0.3805,0.425,13.0
I,0.345,0.25,0.075,0.152,0.0565,0.0265,0.0545,7.0
F,0.58,0.44,0.15,0.98,0.45,0.221,0.275,10.0
M,0.685,0.545,0.175,1.6275,0.5785,0.3545,0.415,9.0
F,0.64,0.505,0.175,1.229,0.5425,0.266,0.355,10.0
F,0.575,0.435,0.15,0.835,0.3825,0.1515,0.255,8.0
F,0.66,0.525,0.175,1.6165,0.5785,0.2635,0.425,11.0
F,0.625,0.49,0.175,1.247,0.5885,0.2205,0.3,10.0
F,0.695,0.55,0.2,1.6605,0.7285,0.3225,0.435,10.0
F,0.505,0.4,0.135,0.6295,0.2465,0.1455,0.185,9.0
M,0.625,0.48,0.16,1.04,0.492,0.2595,0.355,8.0
F,0.53,0.405,0.125,0.6735,0.251,0.1525,0.275,15.0
I,0.46,0.335,0.105,0.406,0.216,0.0715,0.097,8.0
F,0.66,0.525,0.15,1.4095,0.6865,0.2995,0.3175,9.0
M,0.475,0.35,0.105,0.416,0.164,0.0905,0.14,8.0
M,0.615,0.48,0.175,1.04,0.481,0.2455,0.32,10.0
F,0.625,0.48,0.155,1.0145,0.4355,0.2435,0.295,9.0
F,0.69,0.55,0.18,1.56,0.7185,0.326,0.3745,9.0
I,0.235,0.18,0.065,0.0835,0.038,0.012,0.017,6.0
I,0.475,0.37,0.11,0.4895,0.2165,0.0935,0.12,7.0
F,0.6,0.46,0.15,0.8045,0.339,0.1445,0.23,9.0
F,0.56,0.44,0.155,0.832,0.3285,0.174,0.275,15.0
F,0.545,0.43,0.125,0.72,0.302,0.1525,0.19,12.0
I,0.375,0.28,0.09,0.2295,0.0925,0.0265,0.075,6.0
I,0.39,0.27,0.09,0.251,0.094,0.0535,0.075,5.0
F,0.63,0.49,0.15,1.2295,0.515,0.259,0.335,10.0
F,0.505,0.38,0.125,0.6145,0.3295,0.1425,0.17,8.0
F,0.545,0.43,0.135,0.818,0.3685,0.155,0.23,9.0
M,0.385,0.315,0.105,0.339,0.1685,0.0735,0.097,10.0
I,0.345,0.26,0.075,0.1975,0.077,0.0505,0.053,6.0
F,0.67,0.525,0.175,1.4545,0.7035,0.2925,0.445,8.0
F,0.63,0.48,0.17,1.406,0.6885,0.3545,0.308,10.0
F,0.595,0.46,0.16,1.0145,0.3725,0.2655,0.3,13.0
I,0.255,0.17,0.065,0.096,0.0245,0.012,0.025,5.0
M,0.545,0.43,0.16,0.8085,0.3285,0.1635,0.234,7.0
F,0.515,0.38,0.125,0.637,0.2545,0.1615,0.175,9.0
F,0.57,0.46,0.15,0.869,0.33,0.195,0.245,10.0
I,0.4,0.3,0.105,0.277,0.0965,0.0525,0.095,6.0
M,0.53,0.405,0.155,0.7635,0.3245,0.1415,0.239,7.0
F,0.555,0.425,0.15,0.8295,0.3745,0.1535,0.255,11.0
I,0.475,0.37,0.125,0.4895,0.231,0.12,0.125,7.0
I,0.335,0.25,0.08,0.198,0.0705,0.0365,0.05,7.0
I,0.425,0.33,0.11,0.3085,0.1625,0.0725,0.0905,7.0
F,0.545,0.425,0.15,0.922,0.4605,0.221,0.23,9.0
F,0.4,0.29,0.115,0.3045,0.1205,0.0515,0.106,8.0
F,0.57,0.44,0.15,0.7635,0.3865,0.1535,0.255,10.0
I,0.44,0.33,0.1,0.4085,0.1855,0.0735,0.117,7.0
M,0.53,0.425,0.115,0.6935,0.3105,0.1295,0.169,6.0
F,0.635,0.49,0.16,1.142,0.4335,0.2515,0.355,11.0
F,0.605,0.48,0.145,1.1645,0.4,0.2655,0.32,17.0
F,0.515,0.395,0.125,0.6605,0.2865,0.126,0.17,10.0
F,0.625,0.49,0.16,1.1045,0.5475,0.245,0.3235,8.0
F,0.72,0.565,0.175,1.842,0.931,0.408,0.455,11.0
M,0.635,0.505,0.175,1.3835,0.624,0.2655,0.335,9.0
I,0.25,0.19,0.06,0.096,0.0285,0.022,0.022,5.0
F,0.555,0.425,0.125,0.895,0.38,0.179,0.255,9.0
F,0.68,0.505,0.175,1.4545,0.5785,0.305,0.378,8.0
I,0.155,0.1505,0.05,0.0145,0.005,0.0075,0.0095,4.0
F,0.505,0.4,0.155,0.6645,0.28,0.1445,0.205,7.0
I,0.575,0.465,0.135,0.848,0.4275,0.156,0.234,8.0
I,0.285,0.215,0.075,0.1045,0.0355,0.0265,0.035,5.0
F,0.66,0.525,0.18,1.521,0.605,0.3035,0.395,9.0
F,0.605,0.49,0.175,1.0465,0.4525,0.26,0.34,12.0
I,0.41,0.315,0.11,0.3535,0.1685,0.071,0.08,7.0
I,0.36,0.27,0.075,0.217,0.0945,0.0335,0.075,6.0
F,0.575,0.49,0.155,0.876,0.38,0.185,0.25,11.0
F,0.41,0.325,0.11,0.309,0.12,0.09,0.095,7.0
F,0.475,0.37,0.125,0.4755,0.19,0.0935,0.15,10.0
F,0.64,0.515,0.175,1.6125,0.724,0.3415,0.425,8.0
F,0.48,0.38,0.15,0.6095,0.224,0.1445,0.185,12.0
F,0.58,0.46,0.155,1.0145,0.4925,0.225,0.26,10.0
F,0.575,0.46,0.175,1.06,0.412,0.25,0.42,14.0
F,0.605,0.455,0.15,1.0985,0.419,0.256,0.31,8.0
I,0.4,0.27,0.11,0.315,0.1265,0.0735,0.085,7.0
F,0.645,0.525,0.2,1.637,0.7035,0.3555,0.435,18.0
I,0.385,0.285,0.105,0.2445,0.09,0.0605,0.081,8.0
F,0.555,0.425,0.155,0.837,0.3695,0.1645,0.23,13.0
M,0.53,0.405,0.125,0.6685,0.244,0.1515,0.255,8.0
F,0.58,0.44,0.15,0.838,0.3625,0.1625,0.245,9.0
F,0.645,0.49,0.175,1.1685,0.575,0.246,0.335,10.0
F,0.58,0.44,0.15,0.838,0.3865,0.1415,0.275,10.0
F,0.705,0.55,0.175,1.6395,0.7245,0.3585,0.395,11.0
F,0.655,0.515,0.175,1.376,0.605,0.2945,0.335,10.0
F,0.575,0.44,0.155,0.9445,0.437,0.196,0.236,6.0
I,0.36,0.27,0.075,0.18,0.073,0.0335,0.05,7.0
F,0.67,0.505,0.175,1.238,0.5465,0.287,0.34,9.0
F,0.56,0.44,0.145,0.8295,0.4605,0.1815,0.23,7.0
F,0.53,0.425,0.125,0.7645,0.361,0.1525,0.185,9.0
F,0.385,0.28,0.11,0.28,0.094,0.067,0.08,11.0
F,0.63,0.49,0.175,1.1235,0.4525,0.2635,0.36,15.0
F,0.63,0.48,0.135,1.1005,0.446,0.2555,0.275,15.0
F,0.615,0.515,0.175,1.1685,0.446,0.244,0.36,13.0
F,0.63,0.49,0.16,1.2295,0.5425,0.2925,0.335,9.0
F,0.375,0.27,0.105,0.22,0.0965,0.05,0.085,5.0
F,0.64,0.525,0.18,1.401,0.583,0.3525,0.435,12.0
F,0.56,0.425,0.115,0.8395,0.4115,0.1675,0.185,10.0
F,0.52,0.4,0.125,0.5795,0.25,0.123,0.17,8.0
I,0.505,0.405,0.125,0.6395,0.2845,0.1445,0.175,8.0
I,0.43,0.33,0.105,0.3735,0.155,0.0905,0.09,7.0
F,0.515,0.4,0.125,0.8175,0.3845,0.1445,0.205,7.0
F,0.595,0.48,0.155,0.85,0.4165,0.197,0.355,10.0
F,0.515,0.405,0.15,0.895,0.3285,0.2205,0.214,11.0
F,0.635,0.505,0.175,1.1635,0.54,0.263,0.355,11.0
F,0.56,0.43,0.15,0.869,0.381,0.1415,0.235,10.0
I,0.46,0.33,0.115,0.4095,0.165,0.0935,0.1195,8.0
F,0.625,0.49,0.155,1.1685,0.4865,0.257,0.32,10.0
F,0.36,0.265,0.1,0.2445,0.065,0.0605,0.075,12.0
F,0.695,0.54,0.18,1.6275,0.7285,0.3015,0.46,15.0
F,0.385,0.285,0.105,0.301,0.1215,0.0735,0.085,14.0
F,0.635,0.515,0.18,1.3745,0.5465,0.2635,0.355,9.0
F,0.515,0.4,0.135,0.6935,0.3245,0.144,0.235,10.0
F,0.53,0.405,0.15,0.8145,0.3175,0.1445,0.255,11.0
F,0.505,0.395,0.11,0.6295,0.3155,0.1205,0.175,8.0
F,0.72,0.55,0.2,1.9335,0.8745,0.42,0.3995,11.0
F,0.53,0.4,0.125,0.658,0.2845,0.166,0.2185,9.0
M,0.545,0.435,0.155,0.7635,0.3345,0.1695,0.275,12.0
F,0.645,0.52,0.175,1.4545,0.724,0.2945,0.5015,10.0
F,0.605,0.46,0.16,1.0935,0.4125,0.2645,0.3,10.0
F,0.58,0.435,0.155,0.835,0.3945,0.1625,0.255,8.0
F,0.505,0.405,0.125,0.5935,0.289,0.1235,0.17,11.0
I,0.58,0.43,0.145,0.8205,0.3885,0.1625,0.239,9.0
F,0.67,0.525,0.175,1.1965,0.606,0.2555,0.34,8.0
I,0.3,0.225,0.075,0.1295,0.0605,0.0385,0.035,7.0
F,0.555,0.435,0.15,0.8445,0.2825,0.2005,0.245,14.0
F,0.525,0.41,0.125,0.6355,0.229,0.1325,0.235,12.0
F,0.575,0.44,0.155,0.869,0.4005,0.1625,0.275,11.0
F,0.615,0.48,0.16,1.12,0.4255,0.2595,0.3,13.0
F,0.505,0.4,0.125,0.605,0.2465,0.1455,0.185,9.0
F,0.515,0.395,0.115,0.4595,0.1905,0.091,0.17,7.0
F,0.41,0.305,0.11,0.3265,0.1245,0.0795,0.1,6.0
F,0.65,0.505,0.16,1.34,0.6525,0.278,0.3,12.0
F,0.57,0.455,0.18,1.0145,0.414,0.2205,0.275,13.0
F,0.515,0.405,0.105,0.6605,0.2745,0.1525,0.175,9.0
F,0.625,0.49,0.155,1.1935,0.5325,0.2565,0.34,12.0
F,0.53,0.425,0.155,0.84,0.2865,0.1655,0.275,18.0
F,0.555,0.44,0.145,0.87,0.415,0.223,0.285,10.0
F,0.595,0.46,0.145,0.8175,0.38,0.221,0.245,10.0
F,0.57,0.46,0.155,0.9705,0.4545,0.2545,0.245,10.0
F,0.52,0.405,0.115,0.724,0.2585,0.1505,0.275,13.0
F,0.39,0.305,0.11,0.2445,0.0865,0.05,0.08,14.0
I,0.28,0.21,0.075,0.1245,0.036,0.0265,0.034,5.0
F,0.545,0.41,0.145,0.775,0.3775,0.1555,0.236,9.0
F,0.58,0.46,0.2,1.0295,0.409,0.2405,0.32,12.0
F,0.575,0.44,0.15,0.8945,0.4255,0.196,0.255,9.0
F,0.515,0.395,0.135,0.501,0.2025,0.0955,0.185,13.0
F,0.625,0.48,0.175,1.1295,0.4605,0.2695,0.395,12.0
F,0.625,0.48,0.175,1.2435,0.3275,0.2555,0.34,11.0
F,0.58,0.45,0.155,0.871,0.437,0.171,0.275,10.0
F,0.53,0.44,0.15,0.8605,0.3275,0.15,0.25,12.0
F,0.575,0.455,0.155,0.838,0.419,0.156,0.236,9.0
F,0.545,0.425,0.16,0.821,0.3,0.1645,0.255,15.0
F,0.165,0.12,0.025,0.0155,0.0065,0.0035,0.0055,4.0
F,0.345,0.25,0.09,0.2095,0.0845,0.0355,0.07,7.0
F,0.625,0.49,0.155,1.0035,0.458,0.216,0.254,10.0
F,0.66,0.525,0.175,1.624,0.713,0.3535,0.49,11.0
F,0.545,0.425,0.16,0.8165,0.398,0.1605,0.255,6.0
F,0.58,0.43,0.135,0.8605,0.4275,0.1635,0.235,8.0
F,0.555,0.44,0.145,0.795,0.38,0.1625,0.236,10.0
F,0.515,0.4,0.135,0.6785,0.2,0.1415,0.205,7.0
M,0.645,0.48,0.175,1.336,0.6275,0.257,0.335,10.0
F,0.605,0.455,0.15,0.8265,0.381,0.171,0.271,7.0
F,0.545,0.435,0.15,0.8795,0.3965,0.1645,0.23,9.0
I,0.36,0.265,0.075,0.2235,0.097,0.0595,0.075,8.0
F,0.555,0.435,0.155,0.857,0.295,0.14,0.34,18.0
F,0.56,0.43,0.15,0.8145,0.429,0.196,0.255,9.0
F,0.43,0.335,0.11,0.3515,0.1485,0.064,0.09,11.0
F,0.69,0.525,0.175,1.624,0.7105,0.326,0.45,11.0
F,0.575,0.46,0.16,0.9035,0.38,0.196,0.295,8.0
F,0.605,0.455,0.145,1.04,0.447,0.2555,0.265,6.0
F,0.635,0.505,0.175,1.1835,0.4335,0.2695,0.355,20.0
M,0.56,0.44,0.155,0.9165,0.4195,0.185,0.255,14.0
F,0.53,0.405,0.135,0.8145,0.3155,0.15,0.22,8.0
F,0.72,0.565,0.18,1.6275,0.6865,0.3555,0.5,10.0
F,0.625,0.49,0.16,1.1295,0.531,0.257,0.285,10.0
M,0.56,0.43,0.145,0.8295,0.3685,0.1835,0.23,9.0
F,0.57,0.425,0.15,0.8275,0.3945,0.1615,0.205,8.0
F,0.665,0.505,0.18,1.5935,0.7205,0.315,0.43,13.0
F,0.57,0.44,0.16,0.8095,0.3845,0.196,0.215,10.0
F,0.64,0.515,0.18,1.614,0.741,0.2625,0.475,1.0
F,0.58,0.46,0.175,1.0265,0.4645,0.257,0.3,12.0
F,0.56,0.435,0.125,0.867,0.41,0.1655,0.225,6.0
F,0.625,0.49,0.18,1.3835,0.605,0.3215,0.315,9.0
I,0.37,0.275,0.09,0.2285,0.09,0.05,0.081,8.0
F,0.545,0.44,0.145,0.869,0.4255,0.197,0.2345,8.0
M,0.66,0.52,0.17,1.429,0.6545,0.2935,0.386,11.0
F,0.64,0.525,0.18,1.37,0.5725,0.246,0.49,15.0
F,0.645,0.525,0.2,1.6195,0.7825,0.3655,0.435,13.0
F,0.63,0.48,0.145,1.0145,0.4335,0.216,0.31,11.0
F,0.65,0.505,0.2,1.4095,0.553,0.2655,0.32,16.0
F,0.6,0.455,0.155,0.8255,0.4005,0.185,0.275,9.0
F,0.545,0.43,0.15,0.8205,0.3885,0.185,0.234,9.0
F,0.46,0.37,0.125,0.4885,0.216,0.1015,0.175,8.0
F,0.615,0.49,0.175,1.12,0.372,0.2705,0.45,27.0
F,0.625,0.505,0.16,1.2295,0.575,0.244,0.335,11.0
I,0.275,0.21,0.065,0.0945,0.0245,0.0245,0.025,5.0
F,0.615,0.48,0.175,1.133,0.5765,0.2635,0.3245,10.0
I,0.455,0.33,0.105,0.3095,0.155,0.0505,0.08,7.0
F,0.605,0.48,0.15,1.1835,0.548,0.2655,0.34,8.0
F,0.64,0.525,0.215,1.6195,0.68,0.3225,0.42,11.0
F,0.52,0.395,0.125,0.6765,0.302,0.1485,0.185,9.0
F,0.575,0.455,0.155,0.8915,0.4525,0.1445,0.245,8.0
M,0.625,0.49,0.18,1.206,0.5425,0.2595,0.3,11.0
M,0.635,0.495,0.16,1.3745,0.5255,0.2925,0.342,9.0
I,0.215,0.145,0.05,0.033,0.0125,0.0055,0.01,6.0
F,0.635,0.505,0.16,1.38,0.6885,0.256,0.355,8.0
F,0.58,0.455,0.15,0.89,0.4525,0.242,0.245,8.0
F,0.575,0.435,0.15,0.832,0.38,0.1645,0.2345,8.0
F,0.605,0.47,0.175,1.224,0.531,0.2925,0.3445,8.0
F,0.575,0.435,0.155,0.8735,0.369,0.1515,0.285,10.0
F,0.595,0.46,0.15,1.078,0.4165,0.246,0.34,12.0
F,0.555,0.425,0.155,0.8605,0.4005,0.171,0.285,12.0
F,0.575,0.46,0.155,0.876,0.38,0.179,0.255,11.0
F,0.695,0.54,0.2,1.9045,0.738,0.4515,0.66,13.0
F,0.36,0.27,0.095,0.2845,0.1685,0.0735,0.075,7.0
F,0.365,0.27,0.11,0.22,0.0905,0.0605,0.085,8.0
F,0.555,0.425,0.135,0.8605,0.4625,0.1655,0.247,7.0
F,0.555,0.405,0.16,1.1645,0.4695,0.271,0.32,14.0
F,0.385,0.27,0.11,0.32,0.1665,0.067,0.08,7.0
F,0.63,0.5,0.18,1.093,0.438,0.2635,0.3,14.0
F,0.43,0.33,0.135,0.4355,0.1665,0.0915,0.125,18.0
F,0.56,0.425,0.15,0.873,0.3885,0.1925,0.265,9.0
F,0.6,0.44,0.16,0.8435,0.38,0.155,0.255,10.0
F,0.51,0.395,0.135,0.5945,0.253,0.1245,0.245,9.0
F,0.65,0.52,0.175,1.3485,0.5765,0.278,0.36,9.0
F,0.695,0.525,0.18,1.56,0.7365,0.3415,0.415,11.0
F,0.615,0.49,0.15,1.154,0.5425,0.2315,0.292,8.0
F,0.515,0.395,0.145,0.6015,0.2665,0.1505,0.17,12.0
I,0.365,0.27,0.09,0.2285,0.09,0.0445,0.08,5.0
F,0.575,0.455,0.135,0.9545,0.3245,0.223,0.3285,15.0
F,0.385,0.3,0.125,0.2885,0.1285,0.0735,0.08,8.0
F,0.505,0.4,0.125,0.6275,0.2545,0.1455,0.185,11.0
F,0.53,0.405,0.115,0.6945,0.3245,0.1405,0.185,7.0
F,0.63,0.48,0.16,1.09,0.513,0.259,0.34,10.0
F,0.575,0.46,0.15,0.92,0.4625,0.2595,0.23,8.0
F,0.58,0.46,0.15,1.12,0.5445,0.258,0.31,10.0
F,0.57,0.425,0.15,1.0185,0.429,0.216,0.32,8.0
F,0.44,0.35,0.115,0.5945,0.3155,0.115,0.14,7.0
F,0.695,0.56,0.2,1.859,0.9115,0.408,0.503,11.0
I,0.53,0.395,0.145,0.5945,0.2445,0.1515,0.175,8.0
F,0.72,0.575,0.2,1.966,0.77,0.4825,0.885,20.0
M,0.555,0.435,0.175,0.8705,0.3065,0.1625,0.275,7.0
F,0.615,0.455,0.16,1.0255,0.4535,0.2595,0.34,9.0
F,0.41,0.33,0.105,0.314,0.134,0.0535,0.0955,7.0
F,0.555,0.435,0.155,0.876,0.3835,0.196,0.255,11.0
F,0.44,0.33,0.105,0.3785,0.155,0.0795,0.14,12.0
F,0.53,0.405,0.13,0.7635,0.3245,0.15,0.235,18.0
F,0.65,0.525,0.175,1.33,0.525,0.2615,0.355,15.0
F,0.46,0.395,0.11,0.5175,0.2065,0.0935,0.175,8.0
F,0.6,0.48,0.145,1.0145,0.4645,0.216,0.3015,9.0
F,0.56,0.43,0.135,0.9025,0.4275,0.196,0.285,7.0
F,0.58,0.46,0.15,1.013,0.4255,0.226,0.275,10.0
