MedInc,HouseAge,AveRooms,AveBedrms,Population,AveOccup,Latitude,Longitude,MedHouseVal
1.4538,28.0,5.737279727972798,1.0144003839350144,602.0,2.3636363636363638,33.93,-116.23,0.562
5.0,42.0,4.935682409090909,1.0112121212121212,694.0,2.64706824090909,37.97,-121.79,1.919
4.1785,15.0,6.45375038246062,1.072650375038,762.0,1.846373550375038,33.67,-117.09,1.058
3.2545,18.0,4.17794038679733,1.0718391468983,897.0,3.7153718391468,39.18,-121.79,2.436
4.7154,42.0,6.782909397829094,1.038290939782909,932.0,3.955555555555555,34.12,-118.25,4.261
4.8054,24.0,6.9,1.04,1118.0,3.5,37.83,-124.26,2.347
4.0145,20.0,5.867234736842105,1.0167234736842106,1190.0,2.79658620996586,38.1,-121.43,3.273
2.0607,42.0,6.396844186420685,1.017901790179018,1051.0,2.8642068441864,34.42,-117.85,0.906
2.8167,9.0,5.076767676767677,1.086923076923077,1699.0,2.37231701231701,33.91,-117.85,1.951
5.6859,17.0,5.47682735173629,1.073398339833985,718.0,4.4818181818181815,37.88,-118.13,2.166
3.0128,32.0,6.735383538353835,1.0494850505050506,2791.0,3.505050505050505,33.99,-118.55,0.818
3.1682,35.0,4.51176480291776,1.033883974137398,1690.0,2.51788029177675,35.32,-118.13,2.659
4.6556,32.0,5.375,1.016,1079.0,2.7,34.04,-118.11,1.198
3.6618,31.0,5.943295329532954,1.0307692307692307,633.0,2.4,34.16,-118.23,2.041
5.5,19.0,6.766666666666667,1.0517676767676767,2277.0,2.50681818181818,33.97,-121.75,4.192
5.9167,18.0,6.4565895962145,1.033903390349033,743.0,2.552355235523552,37.97,-121.75,1.401
1.908,36.0,4.97365037482917,1.028242700745036,541.0,2.5037482917015543,37.76,-122.41,1.985
6.0559,42.0,6.3949171803508,1.093949171803508,639.0,2.4917180350842,37.62,-121.98,2.137
4.5,30.0,5.76928571428571,1.04568872621701,397.0,3.0,37.67,-124.28,2.856
6.5,42.0,6.9449467012268,1.01226925382757,661.0,2.737394055431891,37.62,-122.18,4.411
2.9272,42.0,4.939030126983714,1.0578571428571428,742.0,4.39030126983714,33.8,-117.79,2.178
2.9631,32.0,4.724142857142857,1.016979797979792,1401.0,2.8812709636809637,34.12,-117.9,0.65
5.5274,27.0,6.72600395039504,1.0365039503950395,790.0,2.8365039503952,33.83,-118.27,1.487
2.6883,52.0,5.1466666666666665,1.01010101010101,782.0,2.539393939393939,33.97,-121.81,0.664
3.8545,21.0,5.31284068462955,1.0350707527473364,893.0,2.62337642564257,39.04,-116.3,1.917
6.8833,52.0,6.4,1.076907690769077,832.0,1.965860165860165,34.04,-118.05,1.98
2.9156,36.0,6.543019617123782,1.16171237825082,1061.0,2.9268099019617,34.12,-117.43,0.872
3.4596,46.0,6.739170756916398,1.03765217481344,651.0,2.5663399053917,38.69,-122.24,1.615
5.0402,44.0,6.3049453921578,1.00223469339817,716.0,2.818685055165055,33.99,-118.28,2.654
5.6872,14.0,4.99177539285714,1.016392857142857,693.0,2.55991775392857,37.97,-121.94,1.535
4.0227,52.0,5.353939393939394,1.01010101010101,722.0,3.3737373737373737,33.92,-117.3,1.809
3.0035,32.0,5.26794797174049,1.0452455643625398,794.0,2.5564362539008,37.62,-122.03,1.739
2.5,25.0,4.8943263387825,1.013935983378254,762.0,3.5943263387825,34.03,-118.15,0.831
5.0285,35.0,6.739006639006639,1.050190056019005,594.0,2.8694098694098695,34.04,-117.56,4.019
1.5057,39.0,4.24242424242424,0.9898989898989898,1279.0,2.824242424242423,34.25,-118.13,0.5
5.4537,28.0,6.895,1.0955,1615.0,4.4475,37.68,-122.27,2.17
3.5227,32.0,4.36383739057839,1.071011011011011,1054.0,2.8136598260813,38.31,-117.79,1.413
3.4167,35.0,5.9373801183538,1.01183538011835,1502.0,3.05696599659965,34.19,-118.03,1.56
3.8333,52.0,3.3969295929592964,1.17003300330033,1279.0,2.943136743136743,34.05,-118.3,3.897
3.5125,26.0,6.947384615384614,1.05,715.0,3.2610579936105797,37.83,-118.11,1.341
3.6624,52.0,3.5,1.071725594210526,631.0,2.44346815255942,37.76,-121.82,0.75
3.9,44.0,4.866243748662468,1.014901490149015,726.0,2.39393939393941,34.02,-118.18,0.6
3.4167,25.0,4.5,1.01821329863324,879.0,2.65,32.73,-122.3,1.294
4.5528,30.0,6.678866178866179,0.9865692307692308,687.0,4.688650965096509,34.08,-116.4,1.748
4.5,37.0,6.146666666666667,1.0,1660.0,3.0,37.84,-122.23,1.954
2.0274,26.0,3.84736,1.03,590.0,4.5,33.94,-118.29,2.822
3.0667,21.0,4.849494949494949,1.0107295601072956,1271.0,2.617181818181818,39.95,-122.42,2.93
1.6883,18.0,6.9493697371705,1.01676788242625,697.0,3.17554496180523,37.75,-122.21,0.875
2.0229,23.0,5.174901490176472,0.934014901764702,1601.0,3.07990898805965,37.69,-122.05,1.667
3.0167,35.0,4.786617794317794,1.0701983633951933,684.0,3.86243726642663,34.12,-118.47,2.05
5.0,17.0,6.818781467493779,1.041067493779075,932.0,4.943505596344087,34.04,-118.09,2.393
2.0894,15.0,5.67296699669967,1.0,1597.0,1.7649494949494948,33.66,-117.39,0.858
1.9,35.0,4.551701652170165,1.0336923076923075,571.0,2.1701652170165215,37.69,-121.18,0.872
2.8125,19.0,4.60432038295775,1.0710181666666667,1615.0,2.99090836509815,33.86,-118.31,1.115
5.2036,30.0,5.383895449842105,1.079933954498421,1033.0,3.07993395449842,34.02,-118.26,2.528
5.25,44.0,5.39292929292929,1.051818181818183,521.0,3.55181818181818,33.93,-118.21,3.015
5.6883,36.0,7.785714285714286,1.0157142857142856,651.0,4.44503879685088,37.76,-122.47,2.354
1.9167,52.0,5.5273849147869,1.051478693019317,787.0,2.80365513441743,34.04,-118.32,0.643
3.5607,35.0,4.547384433443344,1.092938443344333,981.0,2.936343634363435,33.83,-116.17,1.759
3.5333,34.0,5.38961428571428,1.079678908571428,727.0,2.5333333333333,34.06,-120.94,1.523
5.5,35.0,6.567507917803772,1.065675744932033,1671.0,2.64178037704096,38.95,-121.98,1.415
6.8,24.0,7.32481829906679,1.0150696901506902,1662.0,2.5865806580658064,33.71,-121.84,3.648
5.0568,32.0,6.039839839839839,1.0398398398398399,990.0,4.390909090909091,34.04,-118.11,2.948
3.0644,24.0,6.79659917648099,1.0226965576965577,632.0,1.9917648099176481,34.19,-118.43,1.542
3.0,17.0,6.49,1.01,696.0,3.5,39.12,-121.97,1.225
3.4517,26.0,6.261239661709741,1.071015044378224,715.0,4.5,33.91,-117.87,0.683
6.0,42.0,6.3738373837383735,1.0723232323232321,2298.0,2.888888888888889,37.65,-122.47,5.00001
4.3913,24.0,5.1714782608695,1.0778260869565217,1504.0,3.40253547372275,37.91,-118.27,1.625
1.9015,52.0,4.566839281735175,1.078688027981735,1262.0,2.75674567456745,37.72,-121.78,0.964
1.5167,31.0,6.2925,1.01125,908.0,3.6875,37.91,-124.43,1.524
1.5,30.0,3.959051837205862,1.17386957163383,935.0,2.58290968991777,33.76,-116.3,0.595
5.8688,36.0,5.494848484848484,1.0,797.0,2.967171717171717,37.46,-121.98,1.146
1.5223,24.0,4.386714285714286,1.0908369855235847,896.0,3.26183698552358,34.04,-118.23,0.692
3.5167,52.0,5.738573344791362,1.1159573344791363,697.0,2.79671701372344,34.12,-118.23,0.792
2.5221,28.0,4.312812812812813,1.078989898989898,2213.0,2.6868686868688,34.05,-117.24,1.038
2.2873,52.0,4.3875,1.075,771.0,2.5,36.88,-122.39,1.873
5.9352,52.0,6.48371329281739,1.06255714285714,1071.0,2.77173968804858,37.65,-122.44,1.708
4.5473,28.0,6.738985714285714,1.039014474606856,726.0,3.23234344406856,32.93,-117.86,2.505
5.5125,44.0,6.31656610492529,1.03156925296075,1139.0,2.817352348682282,39.36,-121.85,2.129
3.7167,25.0,6.375,1.020668859253387,686.0,2.5,33.73,-118.21,1.375
2.8583,19.0,3.310910910910911,0.9829509950995099,879.0,2.736363636363637,33.93,-118.11,0.798
5.0286,19.0,6.738186738186738,1.0117443744374437,726.0,2.5817443744374438,34.06,-118.3,2.119
6.4559,52.0,6.8472275183905,1.0700505050505051,701.0,3.58658660965517,37.66,-118.23,3.931
3.0,24.0,4.769230769230769,1.054478260869533,1579.0,3.846243980684053,34.19,-118.27,2.25
6.0357,35.0,7.96729503845791,1.076391789354439,1236.0,3.40584439178935,36.46,-118.31,5.00001
2.9583,5.0,4.37231523152316,1.01338650682315,651.0,2.96506823152315,33.73,-118.2,0.922
5.7542,15.0,4.73736363636365,1.0773736363636366,775.0,2.18181818181818,33.83,-118.33,2.303
3.0352,28.0,6.67442957142857,1.0285714285714287,486.0,2.6868263157894763,37.94,-118.02,1.815
3.6167,32.0,4.749293749293749,1.012937492937493,617.0,2.8,33.97,-118.14,1.28
3.0656,48.0,5.49178049178049,1.01010101010101,2670.0,2.72631578947368,37.46,-122.03,1.258
3.8385,37.0,4.566666666666666,1.0169696969696969,697.0,2.581859185918591,34.19,-118.31,1.55
6.8125,37.0,6.3939393939394,1.0519519519519513,1651.0,2.80238023802381,37.69,-121.43,1.844
6.9156,52.0,7.492437167821748,1.061747169841229,531.0,2.63968652174818,34.03,-121.21,3.527
6.0,34.0,6.31176470588235,1.084727358140543,2783.0,2.4178888888889,38.29,-117.98,3.575
4.0332,52.0,3.73746364636463,1.0160101010101,954.0,3.2627262626262628,33.86,-118.03,1.118
3.5611,34.0,5.738666666666667,1.0281666666666667,2895.0,2.460958958958959,34.04,-117.9,1.854
2.5,36.0,3.79386600263314,1.079479633172477,713.0,2.98558613443782,34.06,-118.3,0.94
6.9229,12.0,7.843,1.096,707.0,1.44,37.67,-122.32,2.346
5.0229,32.0,6.569231776117562,1.0621946068165078,721.0,2.99177611756467,38.71,-121.94,3.5
3.0227,32.0,4.324824824824824,1.012857142857143,1313.0,2.5,33.95,-118.43,1.909
6.0594,21.0,6.293333333333,1.0206666666666666,664.0,3.5533333333333332,33.99,-117.79,5.00001
4.9583,42.0,5.76436553396754,1.04176436553396,636.0,2.17646436553396,34.05,-118.03,3.116
1.9125,28.0,3.7666666666666,1.0788888888888888,707.0,3.5858585858585856,33.89,-121.86,0.938
1.6167,24.0,3.89073907390739,1.010909090909091,1669.0,3.869230769230769,34.02,-121.88,0.934
3.9226,29.0,5.8171724172417,1.0209840984098393,597.0,4.5098409840984095,34.05,-118.41,4.219
5.0402,32.0,6.48377955361408,1.0170677437795534,717.0,2.723505050505055,33.91,-118.24,2.868
4.8096,34.0,6.13142697374902,1.1198018411980184,661.0,3.98018411980184,34.06,-118.33,2.309
2.5191,41.0,6.291429142914292,1.0699369617070091,1618.0,3.26586480782658,38.42,-121.84,1.568
6.5975,32.0,6.51283733251489,1.011790062425,761.0,2.738208739179006,38.12,-122.4,4.179
5.9,31.0,6.23297829782978,1.11503950395039,790.0,2.858585858585858,33.66,-118.39,2.633
3.9,21.0,5.554039554039554,1.0150505050505052,1085.0,2.55403955403955,32.83,-118.03,1.188
5.5,51.0,6.733333333333333,1.016666666666666,1060.0,2.83333333333335,37.83,-122.23,1.288
4.9473,40.0,5.391739173917398,1.010763344299817,571.0,2.37691739173917,40.67,-121.75,3.064
2.6031,34.0,6.524724724724725,1.004950495049505,801.0,3.994858994858994,34.05,-117.98,1.989
5.1383,32.0,6.46082857142857,1.07994974223694,1390.0,2.17484898651803,36.78,-116.44,2.583
2.0856,21.0,4.14662358252862,1.00249850235615,539.0,3.664179850235825,37.65,-122.28,1.869
2.2854,26.0,4.7248,1.125,671.0,2.7125,33.76,-118.27,0.8
2.9102,37.0,4.764336884336884,1.092757142857143,2697.0,4.764336884336884,34.04,-117.55,1.181
2.5882,36.0,7.524824824824825,1.09740101010974,726.0,3.427927927927927,37.91,-122.3,0.905
3.9154,36.0,5.556570588235294,1.01125,1384.0,2.564942135688043,38.95,-122.47,3.981
5.75,28.0,6.97780359027977,1.005714285714279,717.0,3.2418181818181817,34.08,-118.1,3.198
3.6611,35.0,3.927333327332733,1.03333333333333,590.0,2.868686868686868,33.84,-117.33,1.66
4.0221,32.0,5.878177917791779,1.1779177917791779,1651.0,3.567981779177918,37.56,-121.79,1.968
3.9292,32.0,6.52386083292414,1.0717565098160193,2661.0,2.7392655275096,34.12,-118.37,1.118
5.9156,41.0,4.7321067790162,1.023181257142847,681.0,2.8263696006859,34.05,-117.92,2.707
5.5,30.0,7.29582958295829,1.07173398449844,718.0,3.175714285714286,33.71,-117.3,2.875
1.9583,38.0,4.524914010150837,1.039055738981747,1680.0,4.18672478235817,34.18,-118.35,1.214
3.8519,36.0,6.25,1.0,662.0,2.5608285714285715,34.01,-121.58,1.89
4.6333,34.0,6.69291838953967,1.01752388235294,1690.0,3.447058823529411,33.95,-118.47,3.467
1.9,32.0,7.917387058823529,1.0117387058823528,715.0,4.66374075232365,33.82,-118.16,1.438
5.5,34.0,5.726262626262626,1.01010101010101,779.0,2.8656565656565656,40.74,-121.98,2.297
3.5227,32.0,4.86826826826826,1.074907490749075,1042.0,2.646826826826827,33.91,-117.9,1.919
1.5114,20.0,4.938989898989898,1.1038989898989897,4875.0,3.23689623689623,39.65,-122.27,1.073
2.0,52.0,5.7015,1.07,1171.0,3.5,33.88,-122.53,2.533
1.7711,18.0,3.746379738679739,1.0,1650.0,2.5,33.87,-117.56,0.624
5.0,24.0,6.9363314782608,1.0438709883374,1185.0,3.58137959433034,32.76,-118.21,3.304
3.5104,32.0,6.146666666666667,1.016666666666665,681.0,4.03333333333333,32.75,-117.86,1.606
6.6607,10.0,4.365714285714286,1.076468275862054,1504.0,4.076468275862053,34.04,-117.4,5.00001
5.9607,19.0,6.5,1.01,646.0,3.05,33.97,-117.88,2.75
4.2167,21.0,5.49881428571428,1.06460782608695,1313.0,2.0646078260869,33.93,-116.53,1.031
3.9943,42.0,6.96617142600606,1.0863636363636364,617.0,3.26006043016043,37.95,-122.14,0.713
5.5167,31.0,4.717673766673766,1.07505650565056,462.0,3.5646646646646647,33.71,-118.21,3.024
5.8801,6.0,5.5,1.06,793.0,2.7,36.72,-119.3,0.773
2.5783,32.0,5.5,1.07,2335.0,3.0,34.12,-117.43,0.741
2.3362,40.0,5.833333333334,1.02869230769231,1681.0,2.9655555555555555,33.91,-117.98,1.911
2.2837,24.0,3.9766666666666666,1.0796363636363635,518.0,2.88888888888889,33.97,-118.38,1.25
2.6194,24.0,5.333333333333335,1.077692307692371,2487.0,2.23333333333333,37.95,-118.13,0.617
3.2961,52.0,5.739797979797979,1.064242424242424,1339.0,2.5555555555555554,34.19,-117.86,1.044
5.5,20.0,7.5,1.027,576.0,3.25,34.08,-116.86,1.482
3.5282,33.0,5.779717255084717,1.0471725508471725,1532.0,2.67831478586039,34.04,-118.01,1.514
2.8116,42.0,4.51991407797978,1.0794746336947336,746.0,2.98370040754075,37.95,-120.88,1.214
2.6817,32.0,5.89783369230769,1.05179867602398,1262.0,4.09179867602398,34.19,-121.33,0.575
4.5,42.0,4.49,1.066,2797.0,3.5,37.67,-118.23,1.356
3.6545,48.0,2.35,1.0886666666666667,671.0,4.5,34.18,-117.71,1.708
3.1556,44.0,6.63729389917095,1.0853907769076907,1388.0,3.53907769076978,36.97,-119.97,0.938
5.3943,42.0,6.747382352941177,0.9855285714285714,607.0,2.6470588235294,37.74,-121.79,0.592
4.5,21.0,4.5,1.01,576.0,2.68,37.68,-122.35,1.327
3.5167,19.0,4.0386697491825,1.07694417019845,1660.0,2.39689620649855,34.19,-117.39,1.707
1.9259,27.0,6.14790123147901,1.0541971176470588,1232.0,4.6570588235294,38.47,-121.88,0.615
5.7,33.0,5.68265714285714,1.0,787.0,4.391224587416,38.56,-122.03,2.578
3.0286,28.0,5.3227338149822,1.00641536693044,771.0,3.65366930449823,34.12,-118.32,1.013
2.8537,37.0,4.738383838383839,1.0,1631.0,2.44444444444445,37.68,-117.94,1.345
5.9,6.0,6.66861616161617,1.0726315315315313,1602.0,3.739683968396839,34.31,-117.85,1.075
4.9959,25.0,6.324324324324324,1.07572680588235,797.0,2.9572680588235,37.44,-122.21,2.875
7.5167,19.0,7.177917791779178,1.07692769276927,721.0,4.55600564556005,33.72,-118.38,3.558
1.5221,30.0,2.71884539669738,1.175727692308695,484.0,4.65233740506726,34.12,-118.27,2.981
2.7167,35.0,4.7383333333333,1.078230769230769,1674.0,3.564444444444445,39.05,-122.34,0.988
2.6585,42.0,4.844223878483926,1.076646789694744,715.0,1.764678969474422,38.27,-121.43,0.685
4.9668,15.0,5.375,1.09375,687.0,2.5,38.32,-118.11,1.59
3.6645,24.0,5.867371714171418,1.079451824883015,3380.0,3.079451824883015,34.28,-119.86,1.1
3.9583,30.0,4.7382937334399,1.0170490170490172,954.0,2.923333333333333,33.76,-118.21,0.818
2.8,30.0,4.55896028591401,1.04356844265045,1632.0,2.5,38.56,-121.47,0.73
6.9292,24.0,6.74699494699493,1.052857142857143,688.0,2.5231743135882,37.78,-122.03,3.165
4.0656,33.0,5.83910150674913,1.0174268569079326,1787.0,2.6957273749169812,34.05,-118.53,1.413
3.6945,22.0,3.9382631578947,1.0517382631578946,676.0,2.98402631578947,37.79,-122.42,0.757
2.0524,28.0,5.17883926149537,1.085275059496069,788.0,3.05261298408036,34.23,-117.88,1.851
5.9668,37.0,6.766171517151716,1.0,2121.0,3.966171517151715,33.95,-118.11,3.301
5.0068,32.0,5.243760396039606,0.919078952176976,1156.0,3.178880961907895,34.18,-118.03,1.367
5.5082,52.0,6.33221478571478,1.0408857147857145,785.0,2.57147857147858,39.04,-121.85,3.428
7.3103,32.0,8.83939393939394,1.05839393939394,926.0,4.80991880991882,33.97,-118.43,5.00001
3.5125,28.0,6.337049698273867,1.049694038790185,1094.0,2.5641765582739,37.95,-122.42,1.952
1.9583,18.0,4.701030670103067,1.0158603686015861,673.0,3.0,34.05,-119.43,1.508
2.2816,52.0,3.7917666666666667,1.090909090909091,835.0,3.99363636363637,37.93,-121.84,0.804
2.5,30.0,6.5,1.1025563329170145,532.0,2.452631578947368,37.46,-122.27,1.456
4.5453,52.0,5.371428571428572,1.0472857142857164,742.0,4.0725,38.04,-121.84,2.6
5.5,35.0,6.320080491708539,1.015078170853909,1094.0,3.99182440951365,34.21,-118.24,2.441
6.5517,27.0,7.326827272727273,1.1168571428571428,2450.0,3.2637632637632636,40.65,-121.75,1.97
4.0333,44.0,6.5,1.013333333333333,713.0,2.5822333333333334,38.54,-118.17,1.795
5.9583,17.0,4.723575727572757,1.053233233233233,553.0,3.586880688068808,37.97,-122.44,1.576
3.7692,21.0,4.867396739673967,1.0149170149170148,1687.0,4.455945594559454,34.04,-118.27,1.92
2.5907,24.0,5.4,1.0,679.0,2.6,34.15,-117.09,1.121
3.0899,19.0,4.5,1.0666666666666667,894.0,2.9817504024981756,33.87,-117.27,2.26
3.3194,48.0,5.739671798396326,1.1247666717982134,1383.0,2.55441898396325,34.11,-118.04,1.644
2.9656,14.0,4.749890113980113,1.101139801139801,3121.0,3.369801139801139,40.9,-118.3,1.25
2.2817,23.0,6.15236715236716,1.1793751793751792,1788.0,2.36363636373637,36.7,-117.91,0.75
1.5,35.0,5.372466666666667,1.0514666666666665,1427.0,2.65,37.72,-122.53,1.315
3.7233,19.0,6.67142857142857,1.01555555555556,954.0,2.86805555555556,37.72,-122.46,0.59
3.0805,24.0,4.5,1.0,785.0,2.88,39.26,-122.39,1.208
2.5167,41.0,6.68390639063905,1.05,718.0,2.26,37.76,-121.23,1.668
5.0,17.0,7.45137938590597,1.023803389011769,33.0,2.646839793859057,33.86,-118.18,2.832
5.0473,37.0,5.79,1.03,639.0,4.8,38.04,-120.88,5.00001
5.9792,45.0,5.3837153837153835,1.0557142857142856,598.0,2.833333333333334,34.12,-118.04,2.252
3.3517,19.0,4.5,1.010776923076923,1471.0,3.5,37.97,-122.27,1.62
2.6391,52.0,5.391212812812813,1.0,982.0,3.39138640406571,37.65,-121.85,0.803
2.6583,21.0,4.882929015903444,1.0159034480783347,1697.0,3.55642631578947,37.95,-121.14,1.43
3.5,10.0,6.22333333333333,1.013333333333333,1003.0,3.833333333333334,36.77,-121.75,2.0
2.6075,36.0,1.7839051833009465,1.01183300946501,794.0,2.60833098762617,33.95,-118.36,1.813
1.9903,19.0,5.7200505050613,1.1098447569474736,462.0,3.43263958142858,38.97,-119.09,0.946
2.0,25.0,4.539293379392933,1.01693635693635,762.0,2.539293379392935,34.04,-118.15,1.915
2.6628,40.0,3.564363636363637,1.0757656565656566,676.0,3.564363636363637,37.88,-122.37,1.917
4.5,22.0,4.634674317391739,1.03197185713729,694.0,4.181739173917644,34.03,-118.3,0.638
3.4167,24.0,5.97166666666666,1.0166666666666666,717.0,2.5,33.93,-118.22,1.066
4.4333,42.0,6.664917481890508,1.13305050595058,1688.0,3.961748189050842,33.84,-117.55,2.167
6.0133,18.0,6.373333333333335,1.083333333333333,1275.0,4.8333333333333,33.94,-118.3,5.00001
3.4588,51.0,4.412828571428571,1.054368273584907,797.0,4.166666666666665,34.19,-117.85,1.2
5.9,39.0,6.8263009071738,1.0536363636363637,787.0,2.3536363636363635,33.8,-118.02,2.263
4.0,33.0,6.666666666666666,1.01010101010101,1208.0,2.6836363636363636,34.12,-122.18,1.086
1.5096,19.0,4.783929392939294,1.07907907907907,3818.0,3.55430068963543,32.82,-117.43,0.943
5.0862,41.0,5.9443929605079,1.0157015701570158,821.0,2.378639296050791,38.05,-121.98,5.00001
4.4511,15.0,4.79377850330038,1.05261744935027,2213.0,4.5382555785034,34.12,-117.62,1.999
1.0391,13.0,4.643839393939394,1.099585747175747,879.0,4.449958574717571,34.04,-118.1,0.906
3.9677,32.0,5.42387914685879,1.07319740294925,1390.0,2.9363464336543,38.91,-121.84,2.708
6.8817,20.0,3.73870588235294,1.0776923076923077,761.0,2.944457894736842,36.61,-121.79,1.412
5.0,42.0,6.79173896753533,1.0850987535036982,721.0,2.4498987535036982,37.96,-121.85,2.346
5.0263,31.0,5.39625078794737,1.07453898013322,615.0,2.25,37.83,-121.27,0.582
3.5,32.0,4.3125,1.0494575,726.0,3.2375,37.97,-118.11,1.872
6.8,24.0,6.734293768995894,1.061716391716398,553.0,2.7641368995896,33.96,-118.1,3.624
3.8837,36.0,4.36294901377829,1.074414285714286,1053.0,2.36294901377829,33.98,-118.21,1.908
3.6461,25.0,4.79553720686409,1.009301863720683,1490.0,2.814018637206864,33.95,-118.25,1.375
3.7125,52.0,4.6639079357517,1.1217793344234734,962.0,2.17889955402478,34.06,-118.43,1.582
7.5,23.0,5.724261017926102,1.0589570049165897,579.0,2.57004916589965,33.93,-118.03,2.211
3.5,24.0,5.33076923076923,1.0405405405405406,688.0,3.46490769230769,37.79,-117.43,0.396
6.6623,32.0,5.48,1.0875,849.0,3.8,33.95,-117.22,5.00001
6.2894,42.0,5.08166666666667,1.081666666666667,617.0,2.443333333334,37.95,-122.32,5.00001
5.9,19.0,6.766971428571429,1.089227501553698,1769.0,2.23644480996887,34.11,-117.22,2.38
2.0667,31.0,5.938375066935066,1.017025669350656,613.0,4.96139514652376,33.89,-117.03,1.393
4.2085,27.0,5.58478947894789,0.981345454545454,875.0,2.596843454545454,38.04,-122.03,0.541
3.9612,18.0,5.324827174978175,1.065261847389863,707.0,2.8986878174886,38.57,-117.97,1.875
3.5167,24.0,4.5,1.01,815.0,2.26,37.97,-122.09,1.143
4.6521,52.0,4.817305087943,1.071701504917015,569.0,2.55641336106871,34.04,-118.19,0.808
5.908,50.0,6.8782615382967,1.04668939447827,1660.0,2.45170740887517,38.57,-121.98,3.277
5.5194,25.0,5.89060909090909,1.0905010101010102,1790.0,2.564646464646465,40.93,-121.87,5.00001
2.75,23.0,4.937373737373737,1.0112121212121212,1207.0,2.586839444444454,33.91,-117.24,0.846
2.5921,33.0,4.833333333333366,1.1666666666666667,626.0,3.993333333333333,34.05,-118.34,0.506
1.5223,52.0,4.661666666666667,1.06666666666667,602.0,2.7955367955367953,33.94,-118.11,0.777
5.4588,35.0,6.9032930678914,1.067972650334044,1582.0,1.7265033404318,41.67,-122.27,2.583
3.8292,18.0,5.271778571428571,1.0,671.0,2.58232222222222,34.04,-118.3,0.88
3.1783,52.0,6.27663917334876,1.024982317334875,554.0,3.564982317334875,38.53,-121.43,0.991
3.6418,19.0,5.79142857142857,1.0736363636363637,654.0,2.5646464646464646,33.97,-117.85,1.603
6.9167,44.0,6.63939393939394,1.0898989898989897,1672.0,4.08989898989899,37.97,-121.87,3.125
6.4575,32.0,6.23888888888889,1.071010101010101,743.0,3.2817281728172816,36.56,-117.4,5.00001
5.6813,28.0,6.959053924604907,1.01554048571433,717.0,3.5,38.34,-122.3,3.324
4.908,32.0,7.327907869565217,1.0133171428571428,1619.0,2.86608826363636,36.93,-121.4,1.856
4.0,22.0,3.680735217395566,1.0169016901690169,1077.0,4.50985098509851,33.95,-117.29,0.955
4.0687,26.0,3.738143814381439,1.07368390736839,781.0,2.8238624356317,37.72,-122.17,1.582
2.9128,38.0,6.17678958202979,1.073350889810133,1671.0,2.40554542606596,34.01,-121.39,1.844
2.4596,19.0,4.257779663866387,1.023223347369531,1021.0,2.859456750605896,37.95,-122.43,1.909
1.4227,24.0,3.73388078571476,1.038170068509817,1626.0,2.83154778571475,37.66,-119.3,0.917
5.6517,49.0,6.641867174939485,1.1044791260285713,960.0,2.49394836996826,36.32,-119.18,1.53
3.0221,18.0,5.094666666666667,1.0796923076923077,776.0,2.3,34.18,-121.25,1.415
6.5062,38.0,7.7,1.061,791.0,4.99,38.91,-117.09,3.357
3.8263,37.0,6.41282631578947,1.0785714285714285,632.0,4.18805869130434,34.01,-118.09,1.809
5.5385,30.0,6.67687901994433,1.099443365171758,527.0,2.6764019944336517,38.48,-121.98,1.975
4.6665,18.0,5.9171368597863,1.01502434705793,1313.0,3.538582968597865,34.21,-121.03,1.661
3.1608,24.0,4.0,1.06241774338967,790.0,2.96655057142678,33.65,-117.23,1.599
1.8863,19.0,4.66688837861048,1.07932098551438,901.0,3.743302398557555,37.72,-121.27,0.554
1.5626,6.0,6.03866769170417,1.17041704170417,517.0,2.917041704170417,38.65,-121.86,0.878
4.1565,35.0,6.837158938677907,1.0319368539160318,1651.0,2.8234514285714285,34.02,-118.21,2.442
2.9357,24.0,4.31790445377905,1.0150980150980151,1590.0,2.40884088408841,37.38,-122.27,1.508
3.5263,27.0,7.717011701170117,1.07170101170117,1032.0,2.23333333333333,33.95,-118.27,5.00001
2.6856,52.0,5.29494597386637,1.05981389130434,571.0,3.94230769230769,34.05,-117.27,1.5
5.9167,30.0,6.444444444444445,1.0547014701470148,1053.0,2.4444444444444446,33.83,-117.21,2.407
4.1564,27.0,4.79171833982582,0.99171833982582,687.0,2.23374925822583,34.18,-118.18,1.862
3.5352,47.0,4.573333333333333,1.0,1621.0,2.5333333333333,37.44,-122.56,1.175
5.0825,42.0,6.7393024368664,1.01595774334025,787.0,2.4749381824368664,33.95,-118.11,0.679
2.8862,45.0,6.979473740774078,1.1401257947374077,2783.0,2.1759305930593063,33.65,-117.98,1.372
3.2108,42.0,7.5,1.17,813.0,2.936,37.69,-120.71,1.65
3.9229,21.0,4.937136882137,1.101509857448857,587.0,2.3713686882137,33.95,-117.94,2.19
1.8188,32.0,4.8885067189037,1.0156450156450156,633.0,2.55992817659844,33.91,-118.27,0.885
5.1382,45.0,7.729445620494456,1.065445620494456,681.0,4.937341712263417,34.24,-117.22,5.00001
1.9114,35.0,5.717171717171717,1.0947285714285715,1108.0,2.9813043413043414,39.35,-117.96,1.705
5.6429,14.0,7.336743100366743,1.01886743100367,679.0,2.86743100366743,37.42,-122.09,2.431
3.0464,30.0,5.47371428571429,1.0,1787.0,2.75,37.95,-121.92,1.189
5.0543,29.0,6.3128,1.0038166666666668,792.0,4.25,34.02,-117.99,2.689
3.5286,16.0,6.744444444444445,0.9816011701170116,679.0,2.3924242424242426,34.02,-117.43,2.44
5.0,32.0,6.5125,1.0,1068.0,3.1739166666666665,40.58,-137.56,2.954
2.7221,25.0,4.79377078377078,1.03333333333333,787.0,1.8333333333333,39.69,-117.03,1.964
2.4167,32.0,6.090909090909092,1.07010101010101,979.0,2.955555555555555,32.71,-117.98,1.121
1.9385,44.0,5.539290739290739,1.0309087692307692,1154.0,2.8173929073929074,32.77,-121.98,1.974
5.0,42.0,5.567431773177318,0.9876555140778225,954.0,3.0518181818181818,34.04,-118.03,1.2
3.5075,19.0,7.292529252925292,1.028984498449844,1086.0,3.17984498449844,34.02,-117.85,1.266
5.9388,42.0,6.07509320751712,1.07509320751712,687.0,2.926509320751712,34.04,-118.33,2.043
5.0516,52.0,6.493929287849393,1.1747373170731708,1290.0,2.50392928784939,37.65,-122.43,5.00001
5.0581,47.0,6.76470588235294,1.096901690169017,781.0,2.76470588235294,33.93,-118.11,2.781
5.0607,37.0,6.314914914914914,1.0649149149149149,1651.0,2.98181818181818,33.97,-118.21,2.217
5.7385,23.0,5.6079782607978,0.9386923076923,618.0,4.038089038089,37.71,-121.14,3.15
2.9,5.0,5.52281818181818,1.0523623623623624,3725.0,1.92281818181818,37.84,-122.25,1.178
2.7108,19.0,6.973075495049504,0.982300254950495,1004.0,2.8065178065178067,33.86,-118.39,0.858
4.2872,36.0,5.79797979797979,1.126869696969716,832.0,2.2636363636363637,34.04,-118.25,1.539
6.59,36.0,4.5,1.0525,651.0,2.99585859681726,33.97,-118.3,4.105
3.0,34.0,3.738961829794975,1.0709172401795093,1487.0,3.7349289909734926,33.97,-117.11,1.083
4.5903,35.0,6.375,1.0,718.0,2.7,37.91,-119.23,2.5
5.9667,27.0,5.76666666666667,1.01010101010101,2789.0,4.5,34.08,-118.1,1.868
6.5,34.0,5.9386839072917,1.03667981299061,515.0,2.939374435586839,33.93,-117.39,5.00001
4.0208,44.0,4.738471666666666,1.173333333333333,918.0,3.5321833333333332,34.04,-118.18,1.565
5.5282,30.0,6.093839393939394,1.0107370107370108,1381.0,2.567263326332633,34.05,-117.24,2.34
5.6468,17.0,7.17143812666685,1.06136744242898,788.0,2.58232780996823,37.91,-122.03,2.386
3.8028,52.0,5.78274914791749,1.0724565099331793,976.0,2.8683958992526,33.93,-119.84,0.515
5.4286,52.0,6.395514285714286,1.078379877987798,1594.0,2.8235088235088237,33.96,-117.27,4.708
2.5263,9.0,5.78132857142857,1.0,1462.0,2.441818181818182,33.91,-117.89,1.136
5.5065,37.0,5.51482917204905,1.044710027441073,2834.0,2.9247936982565,40.67,-117.43,2.481
2.4167,36.0,6.736121212121213,1.01490786907869,694.0,2.23142857142857,33.69,-117.99,1.646
2.3177,19.0,4.78554497754497,1.073170731707317,1661.0,3.944977544977544,33.81,-118.4,0.456
2.9125,35.0,5.55482989736842,1.125,588.0,2.79461836241798,33.91,-118.47,1.238
6.0223,32.0,6.90739054150135,1.0133893786263883,971.0,1.837862638862639,34.18,-118.25,2.34
6.1868,44.0,6.5,1.051,723.0,2.85,33.97,-118.41,5.0
2.5229,52.0,3.5383914285714284,1.07383914285714,1602.0,3.583700593913845,33.93,-118.19,2.292
3.5617,35.0,3.1425,1.01,496.0,2.5,37.76,-122.09,1.759
4.0,10.0,3.72438491216984,1.058283717270198,613.0,2.72438491216984,33.97,-119.43,1.161
4.9125,52.0,6.701901901901902,1.035085085085085,1062.0,4.37181718171817,33.94,-118.03,1.165
6.9167,52.0,5.166666666666667,1.01090801090801,1061.0,2.823232323232323,37.97,-122.36,3.734
2.0388,34.0,3.3117647058823527,1.0033894736842155,717.0,2.98448638394083,34.05,-118.06,2.804
5.7805,35.0,5.431992557142857,1.0995714285714286,1218.0,2.895815285714286,34.27,-117.27,3.054
5.5,36.0,5.967663614012857,1.036140128571401,662.0,2.49405880608626,33.99,-118.11,4.578
2.4545,7.0,3.555555555555556,1.0,527.0,3.443636363636365,34.02,-118.14,2.209
3.5352,19.0,5.08173979742335,1.01010101010101,602.0,2.849090909090909,34.18,-118.44,2.625
3.5177,44.0,6.3939393939393945,1.054201601285714,907.0,4.569230769230769,37.97,-122.16,1.661
6.5,52.0,7.31884318843189,0.9875,681.0,3.170168,39.05,-122.37,3.081
3.9,27.0,4.70371612902417,1.0717113374337432,902.0,2.50371612902417,33.95,-121.89,2.174
3.0453,22.0,5.685905786717017,1.09886859057867,1461.0,3.826373065685905,34.18,-118.16,1.228
5.8817,44.0,6.549353978256917,1.0452569217506917,479.0,2.936228623862386,33.98,-118.44,2.582
4.5281,16.0,6.035868583586857,1.099592857142857,667.0,2.9817489817489817,34.23,-118.33,1.559
3.9421,35.0,5.96677229721008,1.078449526895533,534.0,3.58654095268955,34.07,-117.09,3.514
7.0,32.0,6.89389524389525,1.0170440055473313,1632.0,3.829360293602936,34.1,-117.95,5.00001
3.6894,11.0,5.66182467786617,1.0434677866177942,717.0,2.45860099443936,34.02,-118.05,1.942
6.5102,25.0,5.14369978392554,1.022887633973398,721.0,1.737648098130434,37.71,-121.3,5.00001
3.0286,46.0,4.17,1.0,569.0,3.5,33.8,-118.01,1.297
3.9667,26.0,6.738461538461538,1.039461538461538,1008.0,2.53333333333334,36.96,-118.25,1.888
4.9286,16.0,6.666666666666667,1.0786666666666664,951.0,2.833333333333334,39.2,-116.84,2.408
2.8,32.0,3.78787878787879,1.09090909090909,1815.0,3.0,38.69,-121.86,0.934
2.6891,35.0,6.669839798625656,1.0566983979862565,2680.0,2.77883979862565,33.83,-122.02,0.971
3.1785,24.0,5.14906086956522,1.0682949361788,1882.0,3.07178823785794,34.12,-117.88,1.267
5.9292,19.0,5.0907,1.0,987.0,3.1805,34.05,-118.21,4.536
1.5907,24.0,3.5394939493949393,1.0789571608983617,527.0,3.1368571608983618,33.86,-117.88,0.988
5.0356,26.0,6.176666666666667,1.0433563356335633,849.0,2.5,33.86,-118.43,2.063
5.1683,42.0,5.28,1.0,576.0,2.5,37.93,-122.33,1.448
2.15,19.0,4.788702990299029,1.0309743639358944,527.0,3.363935894313526,34.19,-117.23,1.595
6.3531,21.0,6.45143717234574,1.01093125451437,1695.0,2.65263717234574,34.17,-121.72,3.31
6.0,32.0,6.1439366743168,1.0157477434987434,897.0,2.2667431686521784,34.07,-118.28,5.00001
2.9229,36.0,4.567676767676767,1.0137013701370137,697.0,3.55370137013701,34.27,-117.31,0.675
2.5931,19.0,3.7,1.05,776.0,2.18,37.88,-122.43,0.679
4.2041,52.0,6.0,1.091011011011012,688.0,2.6,36.65,-121.55,1.782
5.8517,47.0,6.929097943178051,1.0851974423284416,1271.0,2.843178050581783,36.67,-118.21,3.951
3.5,42.0,4.512878790909092,1.0747285714285715,771.0,3.564806480648064,34.19,-119.86,2.645
3.1665,27.0,5.7397979797979,1.01010101010101,907.0,2.564964964964965,34.12,-122.3,1.431
3.0531,36.0,5.982928571428571,1.0150391015039102,721.0,3.75166666666665,32.76,-119.56,1.886
5.0292,41.0,5.146766271708872,1.1176470588235294,1162.0,1.769409855268054,32.72,-118.21,3.202
6.1782,36.0,6.7914666666666665,1.016666666666667,1680.0,2.86666666666665,34.19,-118.31,2.315
6.9286,35.0,5.47174814285714,1.0103377317076936,1151.0,3.39683696806836,34.05,-118.42,2.408
5.9,33.0,6.638763876387639,1.0569230769230769,762.0,3.37961318379613,37.91,-121.03,4.604
5.3687,22.0,6.7,1.0,2397.0,2.8,33.82,-118.4,5.00001
2.9229,32.0,6.97371437143715,1.05874237910112,526.0,2.40965036987517,33.96,-117.96,1.241
4.9928,32.0,5.438023529411764,1.016044705882353,1849.0,2.592717236470588,34.04,-116.44,2.038
1.0,44.0,5.93333333333335,1.05692305692305,618.0,3.2523232323232323,37.82,-117.88,2.38
4.4572,35.0,5.833333333334,1.0364130157140157,1103.0,3.8333333333333,32.78,-119.23,1.153
5.0352,38.0,5.394938563541478,1.05310638563516,831.0,2.83166666666665,37.58,-122.27,4.147
2.9954,52.0,4.44674467446746,1.0272727272727273,751.0,2.839073907390739,38.5,-121.88,1.227
1.5,17.0,4.937373737373737,1.09285714285714,788.0,2.567746774677467,37.92,-122.19,1.438
2.8833,32.0,4.749013878787878,1.0714263157894737,579.0,2.92388888888889,37.7,-119.53,1.654
5.1728,27.0,6.42343434343435,1.07947953696263,1093.0,3.68689626175516,33.93,-118.31,1.231
8.5,32.0,7.037883788378838,1.0700970109701098,1813.0,2.6343636363636365,34.17,-118.31,2.451
1.9607,46.0,6.7351760673616,1.11489850647537,733.0,2.564753750647537,34.05,-117.39,0.656
0.9292,30.0,5.68463846384638,0.983685226896103,678.0,2.66883685226896,37.65,-118.05,0.828
1.7167,24.0,4.36,1.05,1676.0,2.5,37.62,-121.23,0.922
6.0384,31.0,7.23244314491795,1.012444944598617,2277.0,2.98681618181818,33.75,-119.85,3.125
1.9583,13.0,4.639554065993956,1.0437495064374953,762.0,2.839554065993954,33.97,-117.11,0.962
4.5292,38.0,5.70150101010101,1.06010101010101,697.0,3.5048305048305,37.97,-118.33,2.042
4.4317,17.0,6.96666666666667,1.09090909090909,2626.0,3.36444444444444,37.74,-119.39,1.548
1.8272,44.0,3.8787878787879,1.067165567165567,690.0,3.0944444444444446,38.42,-121.98,0.912
4.4167,30.0,6.31991991991992,1.0147014701470147,707.0,2.68896889688968,34.04,-117.98,1.443
3.9128,25.0,6.494848484848485,1.1257125712571256,662.0,2.6523692650552366,33.97,-117.09,0.896
3.5167,24.0,4.734,1.048,797.0,3.6895,37.72,-117.29,1.427
6.5194,32.0,6.5432949142733,1.0823659826315788,690.0,3.968990823659826,37.67,-118.25,2.979
5.9292,44.0,6.497939393939394,1.07330174709907,1251.0,3.7641868686868687,33.79,-117.8,2.15
4.1805,52.0,6.06086956521735,1.01783686909669,636.0,2.69391834668519,34.0,-122.14,1.493
5.0805,19.0,6.738273584210527,1.1707943684210527,1146.0,3.83986647058823,32.74,-117.47,2.225
3.9152,13.0,6.14674316508864,1.03183847008935,1732.0,2.26286823806598,37.42,-122.33,1.298
2.9167,42.0,3.866666666666667,1.1666666666666667,794.0,2.8333333333333,33.87,-118.36,1.25
5.4517,32.0,6.66,1.0210875,1235.0,2.26,34.02,-117.33,3.663
5.6292,19.0,4.29272727272727,1.0,617.0,4.9181818181817,34.05,-118.28,3.408
2.5,19.0,6.737177967893714,1.0158984736842105,979.0,2.944406870796617,33.93,-118.21,0.883
1.9263,32.0,3.72616666666667,1.0166666666666666,776.0,2.173333333333,34.05,-118.42,1.125
2.9125,38.0,4.793817147838172,1.0712951624076,1681.0,3.6443644364436443,34.08,-118.39,3.187
6.9617,36.0,6.484848484848485,1.010101010101017,717.0,2.653636363636364,34.19,-117.22,5.00001
6.4538,24.0,6.5663729495565,1.0778690778690778,567.0,2.23663729495565,34.1,-118.19,1.906
2.9583,5.0,3.43,1.0,1021.0,4.68,37.87,-122.13,0.9
5.6842,34.0,6.59621429596214,0.9474747474747475,726.0,2.8636363636363638,32.8,-118.17,2.688
5.8272,34.0,7.73905418764025,1.071874170541876,1160.0,2.6182413982517,39.03,-121.75,2.053
6.0402,52.0,7.7386064651698,1.079939471744863,692.0,4.98559855985598,34.48,-118.34,1.59
6.9656,41.0,7.794979497949795,1.0717010717010718,789.0,2.9089923605865,38.44,-120.98,4.126
5.3922,42.0,6.36363636363637,1.0333333333333334,779.0,3.94747474747247,34.1,-117.9,1.271
3.0607,32.0,5.038672937183466,1.01143867293717,797.0,2.9371834682619,33.74,-117.4,2.317
3.5,14.0,4.441414141414142,0.99696969696969,735.0,3.534166666666666,34.04,-118.19,1.375
3.6417,14.0,5.4179785539093,1.0259947381798553,701.0,2.549381798553909,33.94,-118.47,2.091
3.7554,35.0,5.7173879292557,1.076341808593417,2054.0,2.98261220753664,34.04,-117.98,1.455
7.5,15.0,7.176666666666667,1.07757575757575,631.0,3.406565656565586,37.97,-118.02,1.129
5.9292,19.0,4.79170631993779,1.0,726.0,2.48396078396078,34.04,-117.47,2.487
3.9292,24.0,3.5,1.13,1654.0,3.6,39.14,-123.27,1.98
5.6428,42.0,6.914141414141414,0.9898989898989898,1626.0,3.26262626262627,33.05,-117.79,1.923
3.8068,52.0,4.51271428571428,1.08692606373067,1317.0,2.40804917394612,37.72,-122.19,3.815
3.2867,32.0,4.5333333333333,0.93333333333333,1801.0,2.733333333333333,33.95,-117.75,2.6
5.0194,52.0,4.587878787878788,1.074125,1233.0,2.833333333333333,37.75,-122.4,3.536
5.9156,29.0,6.45153879551762,1.0147890147890146,1218.0,2.18353955176217,33.97,-117.02,2.23
1.9352,52.0,5.88449637970188,1.0736289301884496,871.0,4.17289301884496,34.08,-118.17,0.933
3.8531,37.0,6.766003824226038,1.078183979551839,817.0,3.078183979551839,33.97,-118.39,2.727
1.9352,32.0,5.392925,0.98625,872.0,3.12,37.68,-117.8,0.542
2.0668,28.0,6.66307926143813,0.9833743374337433,781.0,4.16402927391765,37.79,-121.88,0.991
1.9,19.0,6.7666067971205,0.99138849153898,676.0,2.55751718375089,33.93,-120.89,1.514
5.9357,19.0,6.886666666666667,1.0916666666666666,1707.0,2.5055555555555555,37.71,-122.14,2.832
5.5167,24.0,4.786821779682178,1.049692177968217,788.0,2.099394428993944,37.62,-122.29,2.048
6.5,38.0,4.5,1.083675,797.0,2.833333333333333,37.67,-122.32,3.585
1.0583,25.0,5.3934172857142855,1.101408501505553,942.0,1.959142857142858,34.14,-118.3,0.562
4.2068,7.0,6.67973867973867,1.0786923076923078,1688.0,2.5333333333333,34.02,-118.03,2.297
3.8871,44.0,5.777777777777778,1.104949494949495,647.0,3.991399139913992,34.04,-118.03,1.959
5.0,40.0,7.7395823395823395,1.0739582339582339,817.0,2.83502339582339,37.58,-122.3,1.979
3.0165,18.0,5.5,1.01,857.0,2.5,37.5,-122.14,2.256
2.0208,35.0,5.7444444444444445,1.0189018901890188,2194.0,2.9444444444444455,34.05,-118.34,0.44
1.5,32.0,4.5,1.01474825561469,1579.0,2.5,34.09,-117.23,1.608
3.5114,32.0,4.17003315470034,1.0733154700331546,1181.0,2.44138056504098,37.48,-118.31,1.717
2.3292,23.0,4.9,1.0,1182.0,4.96,39.24,-122.36,1.02
3.5607,36.0,6.714666666666666,1.055025603350256,735.0,4.3936704502082,33.97,-122.23,1.697
3.5167,32.0,6.837896767447817,1.07781701294782,1668.0,3.18269623985065,37.75,-121.33,1.152
4.0333,35.0,4.519438356788,0.906809811125624,1032.0,2.60366564179842,37.74,-122.25,2.086
4.0466,25.0,5.7233255850446,1.079390625585044,1687.0,2.6,33.91,-117.21,2.819
6.1383,44.0,6.766666666666667,1.053333333333333,1194.0,3.5333333333333,34.12,-118.58,5.00001
4.7384,52.0,5.604539604539604,1.035096509650963,1091.0,2.744805960453963,33.95,-117.62,3.036
6.5204,19.0,7.569791578571428,1.1301571428571429,1175.0,2.99069906990699,37.93,-123.33,2.718
3.2885,20.0,5.796666666666667,1.0,1670.0,2.4028333333334,34.04,-118.18,1.097
5.5,27.0,5.637142857142857,1.117124117124117,743.0,2.689636363636364,39.04,-122.43,1.781
4.0,27.0,6.78791429371884,1.06371883006896,1260.0,3.26371883006886,37.62,-122.3,2.333
3.0677,32.0,4.5,1.01,579.0,3.0,37.64,-119.27,2.292
4.0896,44.0,4.6376845142859,1.0571174192859,1033.0,2.822503696376845,33.98,-118.29,1.291
3.1803,14.0,5.177833333333,1.0157142857142858,781.0,3.8137833333333,33.97,-116.26,1.866
2.0854,52.0,5.739897939897939,1.01606060606061,718.0,3.231768231768232,34.05,-118.01,0.475
2.9156,36.0,5.17742727756987,1.07834827908508,732.0,2.564395895643958,32.99,-117.43,1.555
2.9385,23.0,4.5671249671485,1.0,2105.0,2.39696544263068,39.05,-119.79,1.84
5.0,37.0,5.077386568405866,1.077386568405866,746.0,2.4058656568405863,34.04,-118.17,1.446
2.0854,20.0,3.5,1.039078709079078,1679.0,3.0836363636363635,39.62,-118.4,1.089
2.0286,42.0,5.08,1.01,917.0,4.5,37.67,-118.32,2.068
2.9357,18.0,5.938351438351438,1.0054505450545055,1379.0,3.5054505450545057,37.79,-121.92,2.25
3.1783,32.0,4.5,0.9898989898989898,1124.0,2.9,34.04,-117.71,1.527
5.0578,26.0,5.769625,1.050769625,652.0,2.96565,37.69,-121.03,1.048
5.5,11.0,7.7640026504817,1.1150481707969302,1679.0,2.7640026504817,38.59,-120.33,0.696
3.9167,19.0,6.66121212121212,1.087692307692308,2579.0,3.0,33.91,-118.23,1.163
2.5717,42.0,3.5383838383838384,1.09495049504951,3081.0,2.6364646464646464,34.18,-118.17,0.69
2.9128,52.0,3.9373313486933874,1.0717373313486933,1668.0,2.83907173733138,38.12,-122.03,1.542
2.2896,35.0,4.7,1.05,694.0,2.5,34.28,-117.62,0.759
5.5292,22.0,6.297867777777777,1.0,762.0,2.60677777777778,33.81,-122.43,1.707
3.0204,34.0,4.1707869241707,1.012417078692417,679.0,2.689617078692417,37.93,-122.14,1.155
1.9103,36.0,3.5,1.0,718.0,2.8,36.8,-118.27,0.89
2.7108,45.0,3.835886895397675,1.025757789503398,576.0,3.9826551788689537,38.02,-121.53,0.948
6.5,52.0,6.78787878787879,1.0726666666666667,1540.0,2.805558805558804,34.18,-118.47,2.046
2.5,24.0,5.38296749382967,1.07447419285714,713.0,2.406380638063806,33.79,-118.15,1.575
2.5,19.0,7.866666666666667,1.0917666666666666,965.0,2.83333333333335,40.44,-118.4,1.053
3.5059,34.0,5.737373737373737,1.0444444444444445,1696.0,2.944444444444444,37.95,-121.43,4.384
4.5125,45.0,5.539291739291738,0.98219680994767,515.0,2.55448099476739,33.94,-121.9,2.417
3.5,35.0,3.5,1.01,681.0,3.68,33.93,-118.31,3.359
3.0348,44.0,5.973829591703448,1.09584789884789,556.0,2.85714285714284,37.62,-122.27,0.534
5.6542,38.0,5.566666666666666,1.05181818181818,2428.0,3.642857142857143,33.97,-117.85,5.00001
2.2083,12.0,3.093650365036505,1.0144444444444445,1290.0,2.176896365036506,37.94,-122.39,1.557
1.5,18.0,4.766805517488056,1.0793174880551748,1066.0,2.8948805517488054,33.93,-117.33,0.658
4.5933,23.0,6.16666666666667,1.0,1602.0,4.235880562358806,37.65,-121.43,0.669
2.6888,33.0,5.933333333333334,1.0256666666666665,871.0,4.9333333333333,34.06,-118.26,0.557
3.05,12.0,4.979787068273927,1.062344226827398,2101.0,2.657068273927398,38.29,-121.81,1.3
3.2637,30.0,4.14245714245714,1.072369230869565,1276.0,2.455847405058461,39.08,-122.14,1.786
2.8067,21.0,5.14074159386717,1.0025470025470027,1079.0,2.09591265985513,33.91,-118.41,1.688
5.2591,35.0,6.52793926392639,1.1159115911591162,2112.0,2.99263926392639,33.93,-118.19,1.899
4.9677,23.0,2.967676767676767,1.0232323232323233,797.0,2.5096509650965095,38.42,-122.24,1.254
2.1325,5.0,5.527677922383762,1.0050505050505052,913.0,2.7421052631578946,37.62,-122.27,0.962
5.2099,44.0,6.466666666666667,1.1766666666666667,1490.0,3.1766666666666667,36.95,-121.92,2.61
2.6928,28.0,3.712878260869565,1.0791081081081082,1694.0,2.586869396464687,34.12,-118.33,1.789
3.0453,23.0,4.738383838383839,1.013969696969697,634.0,2.888888888888889,38.48,-121.62,2.156
5.9956,24.0,4.95960647039053,1.0205714285714285,1087.0,3.509857142857144,38.34,-121.8,2.208
2.2043,32.0,3.867172409736186,1.043398235093246,1571.0,2.831724097361858,33.85,-118.4,1.438
2.9154,22.0,6.29671424168905,1.039275714241689,1613.0,2.99582350456898,34.04,-118.08,0.656
4.2547,37.0,6.738495814285784,0.981727272727273,1313.0,2.813481538495814,37.78,-122.06,1.378
3.6267,18.0,4.170340291703403,1.08473393308947,3157.0,3.181438442618143,34.19,-117.98,1.625
3.5104,32.0,5.142717171672807,1.049015833687982,997.0,2.99679639490158,33.95,-117.47,2.409
2.2841,42.0,4.716666666666667,1.0,626.0,4.186666666666667,39.35,-117.27,2.286
3.3517,25.0,6.5,1.0,1162.0,2.65,34.15,-117.13,2.625
5.8194,25.0,6.6378378378378375,1.0736837837837838,569.0,2.2588888888889,34.19,-118.18,2.181
2.6733,19.0,3.739393939394078,1.010776923076923,521.0,3.826153826153826,37.79,-123.36,1.641
2.75,19.0,5.97493720682537,1.0149372068253721,681.0,2.40243720682537,40.74,-121.55,2.362
5.9,46.0,6.9676767676767,1.071011011011011,788.0,2.36363636363636,37.69,-122.43,4.403
3.5,26.0,5.967272960399733,1.01339824251856,721.0,2.958794428962518,38.76,-117.79,2.391
2.9389,35.0,4.5,1.01,1717.0,2.5,37.48,-122.43,0.602
2.5,35.0,4.69673701791723,1.0991723002465,676.0,2.36991723002465,37.56,-122.29,1.832
7.0385,25.0,6.14785714785714,1.0,1632.0,2.482631578947368,38.69,-121.88,5.00001
3.0581,36.0,5.73818189189189,1.066666666666667,902.0,4.73818189189189,34.06,-117.71,1.521
2.3631,23.0,3.717171717171717,0.9998989898989898,594.0,3.5555555555555554,34.03,-119.39,0.531
1.5167,37.0,4.875,1.0166666666666666,1081.0,2.44625,37.67,-121.4,0.787
4.9156,4.0,5.8382631578947,0.967142857142857,875.0,2.8472631578947,37.66,-121.9,2.642
2.0,35.0,4.7646666666667,1.01010101010101,571.0,3.8333333333333,34.16,-122.3,1.898
5.0333,24.0,6.7671780682217,1.07991780682217,2269.0,2.17806822281844,38.05,-120.3,4.797
4.9079,52.0,6.738171428366785,1.0368743312187922,726.0,1.903305045373663,37.91,-122.01,5.00001
3.0294,35.0,4.14,1.01,794.0,2.68,34.19,-118.11,1.89
5.5667,52.0,6.294908676621198,1.0180369850931743,717.0,3.994230769230769,37.75,-122.58,5.00001
1.9,19.0,4.9,1.07,732.0,2.5,32.97,-117.9,1.706
1.6985,18.0,4.928571428571429,1.023746023746023,1613.0,2.7125,37.44,-118.11,1.125
3.8531,42.0,5.53979006882247,1.179869490909092,671.0,2.9183979006882,34.04,-118.33,1.534
2.9167,13.0,5.3737373737378,1.170776923076923,531.0,2.36363636363637,37.44,-122.14,0.843
7.9167,51.0,7.51943815381603,1.0863815381538153,681.0,2.944444444444445,33.75,-117.84,2.286
6.5167,32.0,6.297814285714286,1.0424384414285714,691.0,2.974285714285714,37.69,-121.14,5.0
4.4,44.0,3.5549142857142857,1.054914285714286,1560.0,2.9394444444444443,37.76,-121.27,1.838
3.8125,52.0,6.43504350435043,1.01010101010101,688.0,3.2626262626262625,34.04,-118.47,1.654
3.5,32.0,4.783778383778384,1.013030303030303,686.0,2.737783837783837,37.67,-118.33,1.797
5.5208,35.0,6.23667946171433,1.078695652173385,1626.0,2.36648859648859,33.86,-118.41,2.831
2.5103,16.0,4.564397917142997,1.010776907690769,1054.0,2.8658098658098,32.79,-118.43,1.468
2.9125,39.0,6.666746371428571,1.0731707317073171,626.0,2.6325632563256325,33.85,-117.98,1.15
3.5453,31.0,5.8929782978297,1.018829782978295,1454.0,3.0836363636363635,37.61,-121.98,1.671
2.6517,36.0,4.738393839383939,1.0166666666666666,1346.0,2.83008300830083,37.62,-121.93,1.913
5.0,32.0,4.29491428571103,1.003533691428571,790.0,2.99862680684482,34.05,-122.43,2.383
3.8286,33.0,6.73430358170324,1.122557142857143,973.0,2.43154717032418,34.14,-118.17,1.379
1.6494,28.0,6.31394577382945,1.06470588235294,970.0,2.56480588235294,37.84,-122.18,0.661
4.5,24.0,4.76714781016714,1.0117073170731707,1654.0,2.86153963006982,33.83,-118.14,3.091
5.0399,42.0,6.24032930682597,1.014901490149015,785.0,2.9333333333333,34.04,-118.44,1.027
2.1721,42.0,4.0,1.0,3715.0,2.8333333333333,33.94,-118.11,1.922
2.5,52.0,3.58796620374496,1.07447087016547,542.0,1.914406748361598,33.92,-118.01,1.232
4.9956,33.0,6.539291834179749,1.017438709693016,626.0,4.974387096930165,33.97,-118.3,1.158
5.2899,18.0,6.78,1.034,718.0,2.44,34.12,-117.99,3.5
2.907,35.0,6.285714285714286,1.0744444444444443,879.0,2.844444444444444,34.05,-119.14,1.805
4.908,39.0,6.666779490166678,1.0,713.0,2.85346523146965,34.08,-122.03,3.1
3.0,19.0,3.764106310631064,1.0793333333333,669.0,3.764106310631063,33.88,-118.09,0.63
2.8319,39.0,5.976262626262626,1.01010101010101,690.0,2.79393939393939,34.18,-118.43,1.34
3.9167,29.0,6.906,1.040334425,626.0,2.4725,35.2,-117.39,2.782
6.5656,26.0,6.739296024337955,1.036869690786907,771.0,3.18574418574418,33.1,-117.93,2.815
6.6167,35.0,7.03291778974021,1.01808080808081,2333.0,2.9363636363636365,38.67,-122.17,3.953
5.8062,52.0,5.738390841374537,1.07390841374537,1343.0,2.72326280985565,37.99,-121.78,3.796
5.0599,22.0,5.737293729372937,1.010101010101,754.0,2.807878787878788,34.2,-118.26,5.00001
5.1433,21.0,5.5,1.0,726.0,2.64,38.48,-121.88,2.482
2.1799,35.0,4.78787878787879,1.11577057705771,579.0,3.837173516361736,38.26,-121.03,0.825
3.9617,32.0,4.976272658137627,1.011779556939073,792.0,2.96233629124463,37.44,-121.98,1.634
2.8,19.0,6.5,1.07,1132.0,2.5,34.05,-118.33,1.653
3.5167,19.0,4.784917072639016,1.1289571428571428,715.0,2.5471707263901,37.69,-121.32,1.21
3.9,44.0,6.8672969317063,1.065703369317063,1421.0,2.98383716178618,34.01,-118.29,1.375
5.6594,18.0,7.7344078243597,1.01553344239864,1694.0,2.99668947692307,34.09,-121.3,1.5
2.8333,11.0,3.719492794927949,1.0415793170731706,572.0,2.8395814285714285,37.98,-118.47,1.137
4.9192,24.0,4.4578371013907745,1.058074509850985,1639.0,2.939754210526315,34.05,-118.18,2.25
2.0,17.0,6.5,1.016666666666667,675.0,4.5,33.77,-118.29,0.807
1.6586,28.0,4.893823529411764,1.073823529411764,961.0,3.39406823529411,34.16,-119.4,0.932
4.5596,17.0,3.65,1.04,2688.0,3.17,37.82,-121.99,1.793
4.5472,33.0,6.2928383909967,1.0513473969230769,751.0,2.68831936229964,33.95,-118.23,2.295
5.5433,37.0,7.5,1.01090109010901,762.0,2.5747474747474746,34.05,-118.14,1.194
5.0,22.0,6.610910910910911,1.135714285714286,607.0,3.031428571428571,33.94,-117.98,1.969
3.5167,29.0,5.13667927571478,1.07992757147882,1082.0,2.94260869230766,33.97,-118.18,3.882
2.9221,43.0,4.394936665539494,1.066666666666667,682.0,2.817881788178817,38.02,-118.03,0.875
3.4531,10.0,5.677878787879,1.027509818981898,721.0,3.00823070182307,33.78,-122.11,2.929
7.0,44.0,7.303838383838384,1.127878787878787,726.0,4.03508250825082,33.92,-117.14,3.127
3.3365,24.0,4.539375029011414,1.079662724086094,1608.0,2.88240860942339,34.12,-118.43,1.96
1.9125,52.0,4.51942618031612,1.078391304347858,662.0,2.65689526180316,37.91,-122.03,0.928
3.4204,24.0,6.31981981981982,1.0383838383838384,719.0,1.9888888888889,34.18,-118.17,1.606
5.8083,24.0,6.5,1.01,1632.0,2.5,34.04,-116.96,3.603
3.5,19.0,4.97937363636362,1.010101010101,1581.0,2.18181818181818,36.48,-118.11,1.399
3.5116,44.0,6.97014576152835,1.020374744983606,717.0,2.039121318239895,34.5,-117.93,1.268
5.1294,37.0,6.749494949494949,1.0656565656565657,661.0,2.9845169845169846,37.88,-121.67,2.298
5.5619,20.0,6.17794094394918,1.002475289713963,1280.0,1.98658029634095,32.73,-117.11,5.00001
3.5167,4.0,4.786767676767677,1.01010101010101,1545.0,2.4,33.66,-119.18,1.213
1.0594,43.0,3.856142857142857,1.176923076923077,1158.0,3.3125,36.95,-117.98,0.584
5.5263,17.0,6.24,1.029,2913.0,2.5,34.07,-117.98,1.875
3.5104,24.0,6.052347676767677,1.096950576950577,583.0,2.99184817392813,34.05,-118.31,1.083
3.5,34.0,5.1438956521772,1.08980150253498,1545.0,2.5696844444444444,33.94,-119.09,3.561
2.9229,20.0,4.29772413382977,1.039302974692857,1672.0,2.44263930297565,37.77,-121.23,1.36
4.5,42.0,4.71920078506779,1.015067792817645,782.0,4.36171864506778,34.04,-118.27,1.163
3.8085,42.0,6.4966363636374,1.0795714285714286,479.0,2.96393636363637,37.94,-122.26,1.782
3.5,23.0,5.571428571428572,1.078571428571428,2117.0,3.9651324174497,34.05,-118.23,0.675
5.8883,16.0,7.7447632380963,0.9079471019471014,531.0,2.837176858371769,33.93,-118.29,1.969
3.3286,32.0,4.790380736075,1.17484422691457,1732.0,2.958231864308926,33.67,-118.39,2.099
5.7169,52.0,5.142801087248947,1.068332801073168,1301.0,2.9263800258637,34.13,-118.03,2.638
2.9972,19.0,5.67689517189517,1.0569339314339314,601.0,2.739589849371798,37.98,-122.01,1.403
1.25,44.0,4.965262727272727,0.9333333333333333,675.0,4.40394318403944,37.95,-122.25,0.531
2.9,38.0,5.5,1.06,1778.0,3.16,37.67,-121.58,1.337
3.0594,15.0,4.67142857142857,1.0,562.0,4.95840684210526,33.98,-117.9,1.625
2.75,40.0,4.7015173901258,1.063128173901257,671.0,3.5,33.89,-118.28,3.012
2.0,23.0,3.84479217391016,1.015780989857805,672.0,2.185936821444478,34.05,-118.21,1.344
3.0836,44.0,3.14042404240424,1.0198373398373397,1077.0,3.01983733983734,37.85,-122.34,1.762
2.5914,32.0,4.7663314285714,1.05943716509847,653.0,2.59361712863314,34.44,-117.98,1.864
4.0473,47.0,5.717757219177572,1.0116805714285715,1387.0,3.2736207936207933,37.76,-122.23,2.723
2.6542,24.0,4.839292567481239,2.12529010786962,981.0,3.08551824861639,33.93,-118.39,2.75
3.6594,32.0,6.282914282914286,1.073157894736842,571.0,2.9898989898989896,33.76,-117.86,1.513
5.5,24.0,5.5,1.13,869.0,3.5,33.81,-118.31,2.319
3.8125,15.0,4.5,1.05,875.0,2.6,33.93,-118.19,1.163
5.5263,36.0,5.637447859307837,1.07285714285714,1871.0,4.235714285714286,34.05,-118.23,2.786
4.6632,31.0,6.068790878787879,1.07368790736879,1087.0,2.18991899189918,33.96,-117.27,3.425
4.5167,22.0,6.17171414671467,1.0110245084331384,2701.0,2.5,34.17,-118.41,1.011
1.6471,24.0,6.6384908240124,1.07174498240124,676.0,2.982401240124015,34.04,-118.18,0.524
2.5272,30.0,5.917993917993917,1.0791799391799395,1291.0,2.7817993917993915,33.95,-118.31,2.134
5.5084,16.0,6.4,1.076,771.0,2.6,33.93,-118.53,0.968
4.0348,52.0,6.03939393939394,1.010101010101101,1660.0,2.57263636363637,37.99,-117.02,2.298
5.5,11.0,6.739491738491738,1.009907803640363,1771.0,2.638036403640363,34.06,-118.18,3.447
2.6683,34.0,7.83979183979184,1.0047504750475047,726.0,2.68888888888888,34.19,-118.3,0.976
5.0,19.0,6.837668837668838,1.0414073170731708,1632.0,3.01243848706824,37.83,-121.79,1.857
3.0049,26.0,4.51273714282472,1.0150632399015063,881.0,2.68658350632399,37.77,-122.23,1.375
4.1565,25.0,5.18781429360634,1.0714293606341707,771.0,2.534955983955984,33.93,-122.15,1.461
5.4272,36.0,4.701909090909092,1.01236844271019,576.0,2.64889845889845,34.01,-118.03,2.317
4.5481,52.0,6.376437643764375,1.11711711711711,723.0,3.074080808080809,38.24,-121.84,2.179
5.3158,44.0,6.8491225971348,1.027074744645065,679.0,2.18582598635065,34.12,-119.33,5.00001
3.5,44.0,5.766,1.11,775.0,3.912,32.9,-121.32,1.08
3.5,36.0,6.32334545454637,1.0,775.0,3.8056405640564055,39.95,-120.86,2.1
5.0054,16.0,6.8695652173684,1.0,852.0,2.8421052631578947,37.81,-120.79,2.991
3.5204,28.0,5.390853429104967,1.08094700944401,1656.0,3.59444099235944,34.12,-119.53,1.084
3.5125,19.0,5.597949297949298,1.014026014026014,1526.0,2.839366586393665,34.04,-118.07,2.028
3.7116,19.0,4.814071801673384,1.0990907180167337,602.0,2.98391801673383,33.95,-116.11,0.779
3.2856,21.0,3.964951666666667,1.071016923076923,787.0,2.766666666666665,33.99,-121.98,1.619
5.5,33.0,6.869569569569569,1.01010101010101,781.0,3.8695695695695695,37.69,-121.98,0.675
4.6828,33.0,6.35,1.05,788.0,2.813,37.94,-121.84,3.509
3.5,8.0,5.767971227679713,1.0,662.0,4.7674350635063,34.06,-117.23,1.956
2.9221,31.0,3.75490908983233,1.01619490908983,1655.0,2.944782608695652,33.94,-118.33,1.688
2.8538,32.0,5.43296718396717,1.01336915492717,1681.0,2.49271718396717,37.62,-121.95,0.969
6.0221,44.0,6.41372438391701,1.0158015801580158,1605.0,6.13896827204475,34.06,-116.97,2.917
2.0,24.0,5.5,1.03981709408969,1215.0,2.5,34.12,-122.55,0.928
3.6583,16.0,3.46666666666667,1.01010101010101,1715.0,4.07809680968096,37.67,-122.44,2.8
3.4562,11.0,4.816806823647917,1.0729335714285715,1326.0,3.23647916806823,34.04,-118.29,0.591
2.5263,34.0,6.2917473170710165,1.071016931707101,797.0,3.39071016931707,33.95,-116.55,1.688
4.0,19.0,5.87888888888889,1.01010101010101,962.0,3.18181818181818,33.96,-118.19,3.007
3.25,19.0,4.7346717371738,1.0,569.0,2.502380894550238,34.13,-121.92,1.81
3.9,19.0,5.838431428571429,1.0336947120757143,718.0,2.64183513894436,34.04,-118.23,1.139
2.5102,32.0,5.4789795578955,1.0797955789557856,1660.0,4.18181818181818,34.45,-117.18,1.432
2.8906,44.0,4.5,1.05989898989899,1536.0,2.988989898989898,33.95,-118.42,2.1
6.4582,52.0,6.566666666666666,1.096666666666667,683.0,2.666666666666666,38.46,-122.18,2.177
8.0605,33.0,7.5394817004817005,1.0056279880991437,788.0,2.96279880991437,37.97,-121.86,3.859
3.1741,32.0,7.393939393939394,1.0129012901290129,1242.0,2.963636363636364,34.04,-118.27,0.675
5.1731,21.0,4.766963717160427,1.079473684210527,970.0,2.86385714285714,34.05,-121.32,3.215
5.6167,18.0,6.566143667143667,1.066143667143667,979.0,2.2566143667143668,33.95,-122.04,2.212
6.0223,32.0,6.738491428391015,1.0064509815131775,662.0,3.542805536172343,37.79,-122.25,2.538
5.5192,19.0,3.717302914783766,1.038502417302914,1601.0,2.1730291478376693,34.12,-117.84,1.289
5.0,44.0,5.5,1.17,926.0,2.8,37.69,-122.22,3.313
3.9,32.0,6.36170182244466,1.0776930136170182,862.0,2.79481701822444,33.84,-121.56,1.587
1.4282,19.0,5.965215652156521,1.0156015601560155,2894.0,3.0898989898989897,34.19,-117.88,0.725
2.9607,36.0,4.62428661014837,1.014837693084376,697.0,3.452368981401448,37.96,-122.28,1.262
5.5417,44.0,3.662857142857143,1.0148484848484849,2892.0,2.865986598659865,38.42,-121.39,1.488
4.0223,44.0,6.037684314954062,1.014901490149015,1297.0,2.5,36.69,-118.33,1.2
6.0,35.0,7.738787878787879,1.0119191919191919,589.0,2.5858585858585856,33.93,-118.21,2.793
6.9904,21.0,6.336935663866375,1.0150402701504027,1018.0,3.539133913391339,33.98,-121.87,2.138
0.9596,31.0,5.1428571428571,1.0309177933297817,779.0,2.37666470588235,37.48,-122.27,0.89
3.9286,32.0,4.566371714431629,1.04894736842105,690.0,3.80491714431629,34.14,-118.38,0.969
3.0827,52.0,5.276666666666667,1.0166666666666666,1481.0,3.833333333333333,34.06,-117.62,1.787
3.9388,19.0,5.551428571428572,1.06504788594788,2678.0,4.18181818181818,37.93,-121.4,1.437
3.5059,32.0,6.67123929141738,1.049012413773396,678.0,2.868865098012339,37.48,-117.9,2.388
3.3188,19.0,6.07386629551325,1.04245699569956,571.0,2.636861736861737,38.1,-121.79,0.862
7.8519,24.0,7.36142929292929,1.0798176498176497,942.0,2.791764981764982,33.46,-118.56,4.231
2.6541,19.0,6.27295817608536,1.077395518571906,2345.0,3.566395518571906,37.44,-122.03,0.517
5.0,17.0,7.45121438456217,1.073125,615.0,2.69671438456218,38.57,-121.81,2.75
1.9607,39.0,3.5,1.07,1034.0,2.55,35.58,-119.23,1.617
4.2083,52.0,6.24297823076908,1.0157483856507525,1172.0,4.944361837229655,34.11,-122.23,2.347
1.5286,24.0,3.174444444444444,1.03482533143314,2471.0,1.938981818181818,38.36,-118.18,0.928
5.5,18.0,5.5,1.0,1632.0,2.82,33.97,-118.32,2.478
2.9621,30.0,6.7663337789738,1.0733743566337435,681.0,4.75337435663375,32.81,-117.98,0.88
3.6591,27.0,4.8394029167537,1.07693010387961,562.0,2.564291675371743,33.96,-118.23,3.477
3.6831,22.0,5.386631578947368,1.056223357142857,718.0,4.8068378950335715,33.75,-118.11,2.042
5.3174,41.0,6.37394429797979,1.07175047983693,1650.0,2.9691835964098,32.72,-117.09,2.174
5.0517,52.0,3.5,1.0725,471.0,3.65,33.98,-118.03,2.868
2.9128,5.0,4.89526977491367,1.0518982533952699,1375.0,2.823995517806316,34.19,-118.08,1.118
5.0389,34.0,6.7914882539077,1.014469301242855,582.0,2.84764652165517,33.94,-118.18,2.365
4.0296,39.0,4.875,1.093333333333333,771.0,2.26333333333333,34.07,-117.43,1.438
1.6994,37.0,6.79678977871743,1.0769742299076974,569.0,3.955442450669825,33.85,-118.09,0.958
6.0259,45.0,7.56439215144926,1.0546463025271706,854.0,3.402838987652498,34.16,-122.14,5.00001
5.907,19.0,7.83870588235294,1.0,681.0,2.990876923076923,33.97,-118.23,2.16
4.5169,35.0,6.31093766291779,1.07634473686577,1161.0,4.938796350832618,34.06,-118.23,3.266
6.0983,24.0,6.638785878587859,1.039896712295744,1251.0,2.63076923076923,34.18,-117.91,2.262
1.9,31.0,5.97171428571429,1.037185714285714,1213.0,1.80259950509951,34.01,-118.27,1.388
1.5122,32.0,3.585959595959596,1.0177017701770177,1697.0,2.666868686868687,37.65,-119.23,1.527
2.2898,27.0,6.8241817763694,1.07440047450047,926.0,2.58263546153863,33.93,-117.8,0.543
1.6545,17.0,6.66677818285714,1.00471756136923,726.0,2.83265877341742,37.69,-121.94,1.028
3.85,24.0,4.373736373637364,1.023233233233233,1327.0,1.922233233233233,33.81,-118.27,2.073
5.0677,34.0,4.8144915381169,1.1233963396339635,1571.0,3.24032631578947,34.05,-117.03,1.631
4.5292,32.0,5.31064078235294,1.03855057234584,1331.0,3.14006839281705,33.74,-118.03,1.814
3.5,29.0,5.494949494949495,1.0718603636363637,876.0,4.634343434343434,33.95,-117.09,2.589
2.2821,26.0,3.908142857142857,1.012557142857143,1613.0,4.913238098238098,34.19,-118.21,1.918
2.4583,44.0,5.551438782608695,1.0616666666666668,1679.0,4.00451515151516,37.67,-118.27,2.045
1.9286,33.0,3.684318269858271,1.0739369501240739,981.0,2.1826985826985825,38.04,-118.14,1.376
4.6614,32.0,6.09072908791714,1.0149072908791714,487.0,3.6390729087917144,33.96,-117.84,1.613
6.5247,32.0,6.31797909671466,1.0027498847693312,731.0,3.642037015037015,34.19,-117.98,5.00001
2.5667,19.0,6.161329796623398,1.0776929016929018,2797.0,3.23403537651864,37.95,-121.84,2.915
3.5151,34.0,5.14287878787879,1.038809838809839,788.0,2.9672468502468505,33.81,-116.22,3.313
5.7391,16.0,4.797878787878798,1.0757142857142856,694.0,3.176477142857143,37.74,-122.03,0.815
1.5,19.0,5.23005939246687,1.097955168947962,826.0,2.479618180328586,36.46,-119.53,0.629
5.0375,31.0,7.99081701091701,1.09252633470057,1275.0,2.9361838585063,33.93,-119.85,0.985
3.0468,21.0,6.07976797679767,1.0521721721721722,2979.0,2.9898989898989896,34.05,-117.27,1.795
3.5593,19.0,6.0,1.0676767676767678,776.0,1.8064806480648063,34.19,-117.86,2.307
5.0,36.0,5.39077907790779,1.0,761.0,2.948171848171848,34.05,-117.18,2.414
5.0385,44.0,6.81222782608695,1.066415386506947,2617.0,2.5125,39.65,-118.43,5.00001
6.4554,42.0,6.26376750452637,1.029120136207869,788.0,3.25483750452638,33.92,-117.3,4.125
2.8094,29.0,4.4179741797417975,1.0517011701170118,788.0,2.60643965696315,37.82,-122.33,0.813
3.3125,21.0,5.66,0.98125,707.0,2.5,37.95,-119.95,1.678
4.6883,16.0,6.05691388792538,1.079821768484717,1032.0,2.18391799584526,33.93,-120.84,2.279
1.5194,46.0,6.29174329174329,1.078692307692307,2681.0,2.5649876565649876,37.99,-121.79,0.718
4.1913,52.0,6.737830793079303,1.075038783177615,694.0,2.938783177615,37.88,-121.98,2.409
5.9,18.0,6.71096767777778,1.0944474944474945,1378.0,3.231712988098804,37.46,-122.17,4.345
5.9924,39.0,6.43243243243243,0.98989898989899,1071.0,2.7333333333333,33.89,-116.27,2.101
6.7194,24.0,6.74314285714286,1.0,876.0,2.914285714285714,33.95,-122.02,4.251
5.9917,49.0,7.1414159278935,1.120561956028563,762.0,3.17246855804467,34.24,-118.27,1.25
1.8192,30.0,4.566666666666667,1.0101010101010102,1579.0,3.566566566566567,33.97,-117.39,0.771
6.5167,34.0,6.4937463693303,1.0301794423017945,686.0,2.99092598369323,34.04,-117.98,2.83
3.5535,19.0,7.174909737293323,1.0973844384438445,1797.0,2.36332214285714,34.4,-118.23,2.473
4.0385,24.0,4.39357837393578,1.0674747474747475,2181.0,2.6373935783739357,34.18,-118.18,1.954
2.6099,29.0,5.4,1.06,1571.0,2.98,33.83,-117.23,0.899
6.0607,52.0,6.5,1.01,1291.0,4.5,33.97,-122.18,5.00001
5.5,19.0,4.62110526315789,1.0710110110110111,675.0,2.939806898689865,36.67,-121.94,0.945
3.4534,44.0,5.734107836369766,1.015030503050305,941.0,3.18406836363637,34.12,-117.88,0.85
2.4888,47.0,5.5394838483848385,1.064185069690747,826.0,2.44376947185068,33.99,-118.34,1.865
5.2194,34.0,6.72794928393929,1.0563481705634816,1388.0,2.5868440080365867,34.05,-118.23,5.00001
3.0364,24.0,4.972166666666666,0.967446933457898,518.0,2.567446933457898,37.65,-122.3,1.371
1.5,24.0,6.433076923076922,1.0,716.0,2.47178840688965,34.06,-118.31,0.594
3.5053,19.0,5.766676767676667,1.0,791.0,4.802339233923392,34.05,-117.9,1.431
5.2075,35.0,6.3936,1.073,776.0,2.9835,33.93,-118.08,2.284
5.5,17.0,7.567172839172839,1.0,562.0,2.48683314283917,37.69,-121.88,2.835
3.5283,42.0,4.05125,1.05125,1162.0,2.65,38.56,-121.53,2.365
5.5,15.0,6.76923076923077,1.063125,1016.0,2.917261726172618,40.68,-118.3,3.544
5.0,45.0,5.906291928981703,1.0177491701774917,1660.0,2.637861213289817,39.6,-118.18,3.717
3.2082,32.0,5.56637143827358,1.010957447757448,1323.0,2.63344371438275,34.19,-118.27,1.555
5.1321,29.0,5.49283549283549,1.086908690869087,1795.0,3.833333333333333,34.18,-118.23,4.87
5.8156,40.0,6.7391729127946,1.0,1607.0,2.65,33.93,-118.11,3.411
6.3542,19.0,7.793396404907814,1.09769230769231,766.0,2.98422868233558,34.03,-116.23,2.395
7.5,18.0,7.5,1.0115384431578947,917.0,3.05681714285714,34.16,-121.98,3.025
3.0941,32.0,5.66183737392967,1.079079079079079,579.0,2.265056505650565,38.42,-118.23,1.113
4.2106,17.0,6.4,1.07,1632.0,2.5,33.91,-118.27,2.455
2.8871,24.0,5.5477938971703,1.0710125931907102,788.0,2.64365828352696,34.05,-115.96,0.748
1.9125,40.0,4.393838383838394,1.0338338338338338,693.0,2.503780503780504,33.63,-117.86,0.771
5.7267,24.0,4.5,1.06,726.0,3.8,34.04,-117.88,2.287
2.6496,42.0,5.9487918677917,1.0198360435701983,1851.0,1.89392950409615,37.67,-122.36,1.75
2.8896,36.0,4.769696969696972,1.0,587.0,2.939244444444444,34.05,-121.47,1.42
5.75,44.0,5.43295588441745,1.076916012601262,602.0,2.402955884417442,37.67,-122.09,5.00001
5.0,40.0,7.05171429357811,1.045663650384475,788.0,4.7643958503845,37.68,-121.56,3.608
3.29,52.0,5.66,1.08,626.0,3.08,38.67,-117.09,1.918
2.6853,44.0,4.7171466129718,1.08694503950394,1270.0,3.096647058823529,33.93,-116.24,1.471
2.5,28.0,6.43,1.07,562.0,1.732,32.97,-117.89,1.268
6.7194,42.0,6.7392926506795,1.076337844251567,784.0,2.65993540993541,33.97,-118.03,2.555
2.0856,36.0,4.972466491214286,1.0727989869010521,1401.0,3.291214285714286,33.94,-118.21,1.681
3.5543,16.0,6.58906890689069,1.01181818181818,790.0,1.918181818181818,34.12,-122.27,1.346
5.0,33.0,5.7,1.04,990.0,2.5,33.92,-117.23,4.596
3.9,19.0,4.947009903509624,0.9828571428571429,1675.0,2.75,33.91,-117.14,1.847
5.2028,36.0,6.39552918351606,1.0731362733766499,685.0,2.7969289855291835,33.76,-118.35,2.173
3.5,32.0,5.966666666666667,1.103333333334333,1671.0,2.53333333333335,37.62,-117.84,2.045
5.5167,25.0,5.4350850143508,1.071858702617981,735.0,2.37641858702617,34.04,-118.39,1.97
6.5104,44.0,5.39887825895523,1.051320398878259,945.0,2.9942203988782587,32.95,-119.23,5.00001
3.5,39.0,5.98363636363637,1.03838383838387,781.0,2.50570058505851,38.62,-121.71,1.23
4.5,32.0,6.67293828702939,1.125,781.0,2.68448637705525,33.97,-116.53,3.23
5.5616,24.0,6.538402631578947,1.0641724339847367,754.0,3.6880291724339846,37.95,-118.3,2.688
3.5167,27.0,3.7666666666666666,1.0189551359476945,494.0,2.5,37.81,-122.3,1.008
3.5154,32.0,4.39496650502662,1.0736135714285715,1052.0,4.739013733172639,33.91,-117.43,1.782
3.7594,15.0,4.8265038976629,1.0413985714285716,1008.0,3.44782755476855,33.95,-118.4,2.082
1.5,36.0,6.7244327492857,1.031295129512951,1381.0,2.64173940234023,37.57,-122.18,0.979
3.0352,44.0,4.493907738785794,1.099010101010101,617.0,3.13265036554898,37.62,-116.23,0.707
4.0,23.0,7.796625285714286,1.0501335029335028,779.0,2.2636363636363637,34.44,-117.11,3.058
5.6167,24.0,5.684937782608695,1.010932794701093,928.0,2.606418012437782,33.95,-117.86,0.55
3.9,22.0,3.8829571428571428,1.12011201120112,1439.0,2.898285714285714,39.05,-122.23,1.491
5.2096,52.0,5.29784736842105,1.02125,743.0,2.6,34.09,-118.27,2.691
3.0356,52.0,4.63737373737374,1.0114011401140115,1151.0,2.36363636363637,37.68,-121.85,1.548
6.0,35.0,6.454545454545455,1.0454545454545456,679.0,2.55555555555555,34.04,-119.14,5.00001
2.3167,44.0,5.749438055392917,1.0,1171.0,2.55392908354037,33.56,-117.98,0.329
4.8028,17.0,6.964365098123482,1.0169450839242857,881.0,2.55365098123482,37.69,-122.4,1.695
3.9259,34.0,5.647940983188,1.076382857142857,397.0,2.939263157894766,32.9,-117.98,1.655
6.0607,32.0,6.538447955384479,1.076989056989057,1626.0,4.36284082803398,33.97,-117.79,5.00001
3.8125,19.0,5.551428571428571,1.013636363636365,1617.0,2.8333333333333,39.36,-122.43,2.555
3.5082,26.0,6.17791779177917,0.9814285714285714,688.0,2.5,33.75,-117.53,1.838
1.6581,42.0,4.49476779121375,1.07981693449817,1694.0,3.687912137547678,33.62,-118.33,1.68
5.6391,42.0,6.383333333333,1.156666666666666,1569.0,4.7333333333333,33.91,-117.62,3.521
5.2068,42.0,7.0075,1.0,564.0,2.0,37.65,-122.25,1.92
5.5286,36.0,6.6376601660166,1.07834442330863,1551.0,2.57603444233086,34.13,-121.81,2.667
5.5069,47.0,5.417917917917917,0.986923076923075,1323.0,2.969928992899283,37.69,-122.27,1.398
5.5,24.0,6.826379814302972,1.0144274950298502,1679.0,2.83279939806786,33.69,-119.03,1.742
4.6154,30.0,4.66204324680103,1.144423602824689,1287.0,2.994423602824688,37.57,-122.55,2.922
3.7167,52.0,5.24,1.125,726.0,3.25,39.13,-122.08,1.625
4.0,29.0,5.53333333333333,1.0346666666666666,1782.0,3.99653696507836,33.95,-117.98,2.25
4.6631,52.0,6.591728571428571,1.01010101010101,994.0,2.74210526315789,34.12,-117.3,0.555
2.7083,24.0,4.494949494949495,1.090909090909091,1681.0,2.57295729572958,34.37,-118.11,0.523
1.9128,32.0,5.9371470487827,1.0,682.0,2.473714704878273,37.79,-121.62,1.33
5.0,28.0,6.7391249482086,1.0769171249482088,761.0,2.5,32.84,-117.96,5.00001
4.0208,9.0,6.03967172401917,1.0236928099236928,671.0,2.89449837146715,37.65,-117.98,1.625
3.6465,35.0,5.25,1.01,987.0,2.4,33.93,-118.11,0.663
2.6824,12.0,3.5663317361737,1.07870901552844,1277.0,3.1736173617361736,34.29,-121.32,1.125
8.1717,43.0,7.73888888888889,1.0169787878787877,765.0,2.5,34.06,-118.18,5.00001
2.9286,41.0,4.981379786610144,1.02030303030303,679.0,3.406055406055406,33.95,-118.14,0.585
5.5922,35.0,5.44246523180317,1.00895567442465,579.0,2.7442465231803,40.88,-117.93,2.292
6.0603,36.0,6.7,1.0,1808.0,3.5,33.86,-118.39,1.643
5.9,40.0,6.5,1.004450445041776,553.0,2.5,37.79,-118.22,5.00001
5.5122,30.0,5.38743874387439,1.0994774387438744,3124.0,2.79130086883265,33.65,-117.84,2.571
6.5607,25.0,6.7382564285714,1.01985601985601,636.0,2.2318181818181815,33.91,-118.21,3.279
2.9,52.0,4.671214285714286,1.0368592857142858,958.0,4.04092457142857,33.93,-117.98,1.089
5.8114,35.0,6.47672917031703,1.13691703170317,1071.0,3.395865217595523,34.05,-118.23,1.813
2.5194,32.0,4.99594517381738,1.0147368421052632,2876.0,4.266486363636364,34.28,-117.98,1.585
3.9607,21.0,5.66790967982417,1.0203374679823982,681.0,2.67982398239824,38.04,-122.23,2.554
6.2824,32.0,6.5,1.074,1617.0,3.065,34.12,-116.97,2.084
7.0,23.0,7.001768581664265,1.1768581664265747,771.0,3.17176858166426,33.82,-118.3,3.337
4.8,32.0,4.966652176721767,1.08987469295615,2681.0,3.26252625262526,32.87,-119.71,1.375
2.5353,11.0,4.959298967177975,1.0618121812181218,1362.0,2.36508320582376,39.44,-121.58,1.169
5.5607,36.0,5.538383737373738,1.0538373737373736,2700.0,3.2636363636363637,38.62,-120.55,4.318
3.6591,24.0,4.766666666666765,1.073737373737374,1251.0,2.643636363636365,37.66,-121.39,5.00001
5.0068,32.0,4.738371428571428,1.0169336686206933,1772.0,3.56475,33.95,-118.34,3.125
5.0263,19.0,6.97176835186679,1.0769695056010862,2760.0,2.65505601082617,37.69,-122.47,2.164
4.0352,33.0,6.45903799354903,1.071744231865,687.0,3.04174423181865,33.84,-117.25,2.483
2.7128,44.0,6.0581427296224,1.058142729622445,887.0,1.979551708693689,33.88,-117.86,0.611
1.5114,32.0,4.829292929292929,1.00292929292929,1221.0,3.58366436643665,37.67,-119.98,0.852
2.0585,30.0,5.511711711711712,1.0117011701170118,1379.0,3.50361701170117,34.05,-118.27,1.375
5.5192,43.0,4.7391438782608,1.0959793914387825,532.0,2.8333333333333,34.18,-121.53,1.733
3.5167,20.0,5.494949494949495,1.002878787878788,1431.0,2.944444444444444,38.3,-119.53,2.019
2.5,35.0,4.78473684210526,1.085036842105263,1601.0,2.4417409923688096,34.12,-118.42,1.699
2.5,18.0,4.937186666666666,1.066666666666661,1394.0,2.65333333333333,37.77,-122.43,2.535
7.1554,20.0,6.7432044786749,1.101741350792633,1346.0,3.451744770078675,34.12,-120.48,3.628
3.5385,31.0,5.3929,1.125,3231.0,3.26,34.46,-118.14,1.456
1.5167,31.0,6.5,1.073333333333333,942.0,2.7333333333333,34.04,-117.9,1.577
2.5167,44.0,4.791325662177914,1.0109950505050505,2085.0,2.263157894736842,34.05,-121.85,1.887
3.0391,31.0,6.9790025261638,1.0158683905286545,687.0,3.58683905286545,37.69,-122.18,1.907
6.0894,32.0,6.095,1.0166666666666666,908.0,2.5,34.09,-117.56,2.688
3.5,36.0,5.74949494949495,1.0484848484848486,687.0,2.964965564965565,34.02,-103.01,2.933
2.5333,34.0,3.7393939393939397,1.01363013630136,682.0,3.393939393939392,34.18,-117.39,2.363
3.0352,44.0,5.318979278928155,1.06494798145582,794.0,2.63494798145582,37.38,-121.79,1.693
6.5,32.0,6.31282857142917,1.0174205714285713,597.0,3.097391304347926,34.1,-118.13,5.00001
2.5,17.0,4.76613696613697,1.0156271798363632,1345.0,3.50862717983633,37.95,-121.98,1.968
1.9125,14.0,4.8294498134936,1.07782750449813,1576.0,2.5,33.94,-118.28,1.77
6.2396,32.0,6.711862049085566,1.0117241549085567,618.0,2.717241549085533,33.95,-117.79,4.384
2.5,52.0,5.9172256806938,1.0145771722568069,726.0,2.64368350254836,39.75,-122.18,1.568
3.5044,19.0,5.738396923073841,1.0117571428571428,1006.0,3.504545454545454,34.05,-121.84,1.851
6.0221,18.0,6.49153895174837,1.02790631707867,708.0,2.064174837408612,39.24,-122.15,2.488
3.5633,42.0,6.71789376933074,1.0561006650587537,576.0,2.36398650587536,33.93,-121.3,1.313
4.0,19.0,3.716666666666667,1.0733333333333,707.0,2.5933333333333333,37.95,-117.96,1.21
5.5114,19.0,3.737661614391397,1.070118349857147,797.0,2.36961714391396,36.64,-122.09,1.632
1.7104,24.0,4.32482458951298,1.0113785716553483,588.0,3.564807523245895,40.69,-118.21,0.55
6.0,16.0,6.14341536873578,1.067650136873356,1282.0,2.66395045985975,37.33,-122.01,2.833
2.0,35.0,4.7391699377914,1.0425989855179327,718.0,2.867831839169937,36.73,-121.78,1.219
4.9167,32.0,7.6,1.0,1778.0,2.173929392939295,37.68,-122.27,1.375
2.9015,42.0,17.49003716396638,0.9812121212121212,1504.0,3.039682418658302,33.82,-117.71,1.95
1.6628,24.0,6.73878787878787,1.016907907907907,1179.0,2.69083907907907,34.1,-118.31,1.266
5.9103,26.0,6.527784901174766,1.1474338901174765,1607.0,2.8040265539402656,33.84,-122.15,2.207
5.0,17.0,6.7888888888889,1.0,594.0,2.5858585858585856,33.81,-119.79,4.104
6.0391,35.0,6.5432058823529,1.06470588235294,862.0,2.3665,34.12,-117.09,3.552
3.5905,19.0,5.718849670137,1.0136167437695893,593.0,4.922703913043495,37.62,-118.33,1.104
2.5,11.0,5.5,1.0149078279078,1290.0,2.49078279078279,34.02,-122.3,1.8
1.2058,36.0,4.5,1.05619580989822,1280.0,3.05963589504025,34.19,-118.27,1.438
2.0473,10.0,4.981714285714286,1.06382236822368,486.0,3.28571428571429,34.04,-117.88,0.813
3.2564,38.0,8.643936393639356,1.035047504750475,826.0,2.744346439363937,33.97,-117.21,2.25
1.9286,31.0,4.78178037660168,1.01689870588709,1276.0,2.8333333333333,33.78,-118.3,1.766
3.8167,19.0,4.5389522389522,1.0317081708170817,721.0,2.7777777777777777,34.46,-118.14,1.361
1.908,18.0,5.828394918797817,1.0158162957152785,1106.0,3.717408818204476,34.08,-117.27,0.686
2.5759,10.0,6.78490325353894,0.9801457894736874,572.0,2.55443916509958,34.04,-121.32,1.304
2.9,32.0,6.1417,1.022,845.0,3.09,37.91,-121.23,0.6
5.0388,38.0,6.524701491992985,1.027563369336933,707.0,2.3617681817681815,34.04,-117.33,3.446
2.5223,14.0,4.723523523523526,1.08120101010101,554.0,2.823232323232323,38.42,-122.11,0.987
6.0845,24.0,3.393939393939394,1.0112121212121212,471.0,2.505050505050505,37.61,-118.1,3.461
3.6418,5.0,6.66296739551738,1.0936561225365613,1092.0,2.44338615261226,33.78,-118.03,1.434
1.9083,35.0,4.32484559382085,1.096382085014445,541.0,2.793603964652686,32.73,-117.29,0.494
5.1608,44.0,6.38391214721472,1.09334427352322,1093.0,2.996526173768404,40.44,-120.67,3.229
5.5,19.0,6.8,1.05,662.0,2.6,33.74,-117.58,2.75
6.7167,44.0,6.17793917793917,1.0117793917793918,571.0,2.952727272727273,33.94,-118.01,2.25
3.9353,32.0,2.7,1.0,1354.0,2.99,33.82,-118.14,1.49
6.5,32.0,6.76618681465217,1.0844172857142858,2071.0,3.80753716285714,35.96,-119.53,2.658
5.6418,30.0,6.939791428571429,1.0817666666666668,662.0,2.9295714285714287,37.74,-122.09,1.571
3.1775,21.0,4.49003895641438,1.034339350363393,1532.0,3.05809615409615,34.12,-118.03,1.849
5.9607,18.0,3.5,1.01809535018098,1615.0,2.654818856440953,33.91,-118.12,1.535
6.0081,44.0,6.4907391016915,1.0150391016915,1354.0,3.18091809180918,37.92,-118.11,2.177
2.7045,42.0,4.5,1.0,897.0,2.5,36.68,-116.29,0.719
2.8054,41.0,4.7233235235235,1.06769591747368,1471.0,2.98125537191898,37.48,-122.23,1.05
3.9292,24.0,6.29449868807943,1.079868807015617,2662.0,2.64993629449868,33.69,-117.47,1.699
3.5473,24.0,6.083929392939298,1.00981817134417,1012.0,3.1417134417134416,37.44,-117.27,1.748
4.9887,42.0,4.914289924371803,1.01010101010101,631.0,3.43289924371802,34.12,-119.27,2.392
2.5472,52.0,6.979784514784514,1.0323288926590326,726.0,4.23288926590325,34.04,-117.18,2.75
2.9152,18.0,5.67666666666667,1.0035017598550175,713.0,2.99472717071536,33.56,-117.79,1.835
5.5286,35.0,6.7265098591679,1.174422705882356,688.0,3.2470588235623,34.05,-118.03,2.38
4.0,21.0,4.743146666666667,1.0166666666667,688.0,2.6833333333333,33.65,-117.86,1.667
2.9473,21.0,4.5,1.0990909090909091,1681.0,3.444444444444444,33.95,-117.98,0.7
5.0438,36.0,3.738492857142857,1.00177847332048,681.0,2.23297913043472,33.89,-118.43,1.514
3.1404,32.0,4.7236417896714,1.004098332364179,788.0,4.8449619353958,33.96,-117.33,2.095
2.9015,24.0,3.5,1.0,767.0,4.16,37.99,-121.4,1.235
2.0274,20.0,6.29292929292929,1.0776969696969696,697.0,2.836363636363636,33.75,-123.14,1.313
2.1396,19.0,4.97996699669966,1.0327927279272793,472.0,2.39646586396586,37.91,-122.23,0.75
3.9583,52.0,5.8,1.07,1315.0,2.7,33.97,-118.14,1.083
1.5104,32.0,4.792171428571429,1.0148742631578946,721.0,2.641666666666667,33.67,-117.88,1.188
6.0,26.0,7.787917773929666,1.0148965080989898,1288.0,3.9650809898989956,38.41,-121.84,5.0
2.6863,35.0,4.17222222222222,1.0157142857142858,1080.0,2.7373535353535354,34.04,-118.31,0.864
1.6966,38.0,4.788183878130434,1.08991244290901,2751.0,3.23146599124429,33.78,-117.56,0.875
2.8028,32.0,5.9371601179849,1.05243716011798,923.0,2.6445151515151517,33.97,-118.41,1.326
3.9286,44.0,5.79240577482857,1.0133440133440133,1497.0,4.50953344013344,37.87,-121.9,1.443
2.0,15.0,3.39013614376938,1.013614376938,653.0,2.94250680994482,33.97,-121.85,1.839
3.5,38.0,4.52941176470588,1.074475742631579,1080.0,2.236850589526315,37.64,-120.86,1.731
4.1714,44.0,6.14,1.0,907.0,3.4,37.78,-121.89,2.381
3.5,19.0,4.241666666666667,1.0,788.0,3.13333333333333,34.42,-122.22,2.66
5.2863,52.0,6.23272914289619,1.0117471747174718,1371.0,2.659623272914286,34.09,-122.36,2.639
3.8072,26.0,5.4318824490917,1.0723285714285713,581.0,2.50986823285714,38.91,-121.86,1.916
4.5428,19.0,6.785714285714285,1.16012637506564,797.0,2.18012637506564,38.04,-121.56,1.538
3.5664,35.0,5.17142857142967,1.066894488761941,626.0,3.23402639809545,38.48,-119.03,1.001
2.5158,19.0,6.31283824782608,1.0595798765626856,1308.0,2.8594949494949495,33.97,-118.23,0.713
3.8272,36.0,6.07387878787879,1.0939393939394,793.0,3.053939393939394,34.07,-118.26,1.667
2.2717,30.0,5.738142857142857,1.0,1379.0,4.5,34.12,-118.27,0.716
4.2796,18.0,5.17982917982917,1.090773923073923,567.0,2.392375,33.98,-117.4,3.115
2.9125,52.0,3.64293040232878,1.072436586429331,913.0,2.36586429304023,33.67,-117.53,1.054
6.2831,24.0,7.7246698672969,1.05271399072714,1008.0,2.8174428571428574,33.97,-117.39,3.333
4.0292,15.0,4.14979948171497,1.0929013880235048,607.0,3.36388023504818,32.67,-103.21,2.145
4.2064,36.0,6.749494949494949,1.016969696969697,792.0,2.17986699669965,34.08,-118.11,2.625
2.5,9.0,2.497539185539177,1.0155391855391793,621.0,1.65648036391855,32.79,-118.43,0.78
5.6883,24.0,6.67387838783955,1.020707070707071,757.0,2.966666666666667,37.86,-117.88,2.356
3.5,32.0,4.391790233917902,1.016050505050505,746.0,2.96252525252526,34.14,-117.08,1.644
4.0385,35.0,3.737837837837837,1.073837837837838,990.0,2.5,33.95,-118.23,1.703
5.75,24.0,6.90773979797978,1.0527272727272727,788.0,2.5666565656565665,32.65,-117.09,2.878
1.9583,44.0,7.07970160792967,1.079898314056398,900.0,2.441858269903448,34.05,-122.15,1.161
4.0473,18.0,3.9794615387846153,1.076343636363637,761.0,3.86505850585058,33.95,-121.98,1.176
2.5167,19.0,5.97978491914286,1.0474747474747474,1651.0,2.81399654058407,34.44,-118.34,0.584
3.0,46.0,4.77235976235976,1.0124367969403898,913.0,2.406365396365396,32.76,-117.58,3.5
3.9,40.0,4.144444444444445,1.07695537553755,776.0,3.444444444444444,37.8,-117.87,2.125
5.4169,33.0,5.29557855785507,1.1012955785578555,1317.0,2.7157891578557853,34.05,-118.47,2.054
2.5082,37.0,6.17001700170017,1.0237701010101017,1183.0,2.5555555555555554,34.04,-117.79,1.166
5.6125,32.0,5.739443839443839,1.07694949494949,1662.0,3.794949494949495,33.97,-118.08,4.555
5.0227,32.0,4.5117117117117,1.01117117117117,962.0,2.9559855985598,38.57,-120.47,2.137
3.5114,34.0,4.50505050505053,1.141414141414141,1119.0,2.68686868686869,33.98,-118.27,1.198
3.6817,42.0,4.3929285714285715,0.9629285714285714,762.0,3.55354210526315,37.56,-122.4,1.875
2.5945,19.0,4.947174429361745,1.06223696011744,1681.0,2.2467960117442938,37.84,-122.37,0.859
5.5,30.0,6.29386921738692,1.034018033018033,1601.0,2.98235094265094,33.82,-117.27,2.175
3.0,24.0,6.30431703606737,1.01457533606737,1541.0,2.868994317036068,33.05,-117.14,1.865
6.5,32.0,6.857142857142857,1.04183498783316,696.0,2.58234488394315,33.87,-118.33,1.602
4.0607,24.0,4.78,1.0776923076923,1588.0,3.1368,34.12,-117.71,1.596
3.7103,33.0,6.49,1.0736,788.0,3.5,34.05,-118.21,0.967
3.6583,32.0,4.75474907324737,1.0144335078160145,1215.0,3.9333333333333,33.71,-117.95,0.823
5.5,52.0,6.45363636363637,1.073636363636362,766.0,2.44444444444444,34.04,-119.75,3.409
5.171731,32.0,3.66373599441798,1.0701689710980167,1088.0,4.0917987653968,37.66,-122.03,1.145
3.0536,32.0,5.71538782608695,1.09251744985056,1692.0,2.985523007826087,34.19,-118.33,1.299
2.9777,42.0,3.18181818181818,1.05989898989899,1063.0,2.8363636363636364,37.67,-119.87,0.567
2.0831,35.0,6.7463867890785,0.909259866821169,783.0,2.96182350986789,37.95,-121.47,2.096
3.2027,35.0,6.813493813043498,1.075714285714286,971.0,2.8441304349865,34.05,-118.23,2.654
3.1872,31.0,5.839291767430112,1.0549574301129834,1779.0,3.23505547443668,34.12,-118.4,2.2
3.0094,35.0,4.8,1.08,646.0,2.5,34.01,-122.21,1.475
5.0068,52.0,6.792727272727273,1.006060606060606,687.0,3.2355235523552355,37.93,-117.18,2.5
2.5,32.0,5.296049077692962,1.078595714285714,673.0,2.964985958605058,35.19,-119.94,1.408
5.8888,20.0,7.927272727272729,1.0124012401240123,1466.0,2.726262626262626,33.99,-117.93,5.00001
3.0813,51.0,5.77331478131629,1.051016612253766,997.0,3.80449655491768,39.04,-120.9,1.615
6.5699,17.0,6.849494949494949,1.01980198019801,1451.0,2.56449494949495,34.19,-118.33,3.669
3.5,28.0,6.67666666666667,1.0116666666666667,1697.0,3.012666666666667,34.12,-122.33,1.2
3.0368,17.0,6.691708170817082,1.01242424242424,787.0,3.189836050983605,37.62,-122.44,2.61
3.5,52.0,5.7344513896623,1.01565025479874,787.0,2.843265025479875,34.05,-118.27,0.624
9.5158,32.0,6.7392655641612,1.07161255906322,1071.0,2.7392655641612,34.06,-116.44,3.667
3.8667,24.0,6.5,1.0733561428571428,1279.0,2.99431815234417,37.95,-120.98,1.569
1.9192,24.0,5.929274929274929,0.938383838383839,715.0,3.53673929274929,33.91,-118.09,0.947
4.9583,44.0,4.66392077260095,1.126901642458505,718.0,2.47352724585049,37.94,-121.94,2.016
2.5,32.0,5.3939393939393,1.089089089089086,888.0,2.5858585858585856,34.12,-117.09,0.865
3.5041,43.0,3.717291329132914,1.0133333333333,1421.0,2.7333333333333,37.64,-121.75,2.132
5.1408,22.0,5.7643924242425,1.027474747474744,1608.0,2.8904,34.17,-117.86,3.857
5.0656,19.0,6.16367537371885,1.07233344285714,1683.0,2.9655233344285716,33.93,-121.98,2.424
3.0375,52.0,5.71169101527903,1.01332088704736,888.0,4.40773955984077,38.19,-117.96,2.691
2.4571,44.0,4.96701786701965,1.07993686106896,931.0,3.88993686106896,33.96,-116.13,0.954
6.0,52.0,6.99171255171255,1.022183780582023,593.0,2.991712551712552,38.56,-121.62,1.25
6.1885,52.0,6.66177225997966,1.034183717825098,692.0,4.18389926642917,40.71,-121.86,5.00001
8.0,42.0,7.97217013984329,1.05358909339526,1460.0,2.58372455170199,38.5,-121.76,3.881
5.6583,32.0,6.791428571428572,1.0749074907490748,1689.0,2.1786178617861784,34.12,-118.02,1.265
2.0433,36.0,4.624123735253838,1.0160571428571428,2650.0,2.994050552736,38.65,-121.75,0.73
5.2917,32.0,5.716666666666667,1.0,1006.0,2.55963726363637,34.05,-118.41,1.938
3.2856,16.0,3.539149523285714,1.0714952328571496,732.0,2.737963398379634,34.12,-118.09,1.519
4.0,7.0,6.738696037573841,1.064338960375738,1350.0,2.6037573869603756,38.48,-121.14,1.854
2.9699,22.0,3.3,1.0144014401440145,656.0,2.2626262626262625,32.69,-117.23,1.274
2.8156,52.0,5.85660606060606,1.0646060606060606,787.0,2.3750865086508655,34.15,-118.4,1.843
2.0,36.0,5.166666666666667,1.0652176421764217,554.0,2.64276421764214,37.88,-121.27,1.901
6.7,18.0,6.84878793171538,1.0574279793171686,888.0,2.760928793171686,37.19,-122.03,2.5
5.0,8.0,6.43571712763389,1.01010101010102,1382.0,2.5855145855145856,34.06,-117.84,2.046
2.0677,34.0,5.25641767229726,1.0117756417756416,726.0,3.26962399074326,34.02,-118.17,1.222
2.0,18.0,3.7373737373737375,1.099793099793099,2590.0,3.8080808080808084,33.87,-118.23,0.825
3.4528,36.0,4.7383738373837385,1.0669447469447468,615.0,2.737383738373837,33.88,-117.93,1.369
5.0841,24.0,5.9723529411764,1.0799015070685065,661.0,3.638275068506565,34.12,-117.88,2.353
5.0,32.0,6.39143879317083,1.052179859179859,1680.0,2.34482631578947,37.62,-121.99,3.25
5.5281,22.0,6.291726646528571,1.083254142857143,2313.0,4.266465285714285,38.42,-121.23,2.758
4.0,10.0,4.874125,1.0,762.0,2.9125,38.38,-120.21,2.529
1.0594,46.0,5.49015901590159,1.0159015901590158,1676.0,2.49015901590159,34.19,-117.92,0.561
5.0284,16.0,6.393939393939395,1.01010101010101,662.0,2.93939393939393,34.13,-118.18,2.34
3.0399,27.0,5.38493497010527,1.07291701052782,1221.0,2.744221359442213,34.2,-118.23,2.909
3.0,19.0,5.734651636846517,1.0150674747474746,887.0,2.99146516368464,32.81,-117.25,1.423
2.8066,18.0,6.7918274903168,1.07170116983687,579.0,3.088368464632064,32.83,-117.03,0.917
2.9,52.0,5.714094710387865,1.00579375013395,1371.0,2.50586380693998,33.91,-118.1,0.525
2.1786,19.0,5.76666666666667,1.033231724986777,1270.0,3.267727272727375,37.72,-117.43,0.972
2.0894,19.0,4.37383333333333,1.078333333333333,554.0,2.907833333333333,33.91,-117.71,0.983
1.1708,35.0,3.397839783978398,1.041919191919192,1081.0,2.39783978397839,33.69,-117.95,0.886
5.2717,34.0,6.29281428142814,1.17091375,917.0,3.58181818181817,33.95,-118.21,3.953
5.0204,52.0,4.928561428561428,1.0285714285714287,2198.0,2.817361736173617,37.79,-122.42,1.627
2.8284,43.0,5.49435094372566,1.004601509437254,626.0,2.6580489824441362,37.69,-122.42,2.554
5.6621,22.0,7.056600688737964,1.0068873796379638,788.0,3.58963796379638,38.62,-117.86,1.016
1.6521,18.0,5.886666666666667,1.037014037014037,1349.0,3.4037014037014037,37.69,-121.47,0.858
6.9677,24.0,6.566011267011267,1.11692857142857,1813.0,1.9654865486548654,33.95,-117.92,2.201
2.5167,17.0,6.42470139668917,1.07991300507445,1506.0,2.98402548378623,34.12,-118.37,1.31
6.8054,32.0,7.66239766239766,1.0625,671.0,2.581428571428571,33.97,-117.03,1.568
1.9125,39.0,6.07354027483798,1.015088983540257,2038.0,3.55994027483798,37.95,-117.03,0.624
3.2967,52.0,6.8293095362094,1.015033445033445,797.0,2.4125,33.81,-117.08,1.046
3.9333,32.0,5.3,1.078907890789079,1223.0,4.17994499449944,34.04,-117.3,1.201
3.6465,31.0,4.79140180779312,1.0180779312741701,932.0,2.817018077931275,37.97,-123.3,1.333
6.9385,42.0,7.917793488169827,1.0798271779339828,582.0,3.2658169827177934,37.99,-122.07,3.352
6.4,30.0,6.383838383838384,1.1717171717171717,981.0,2.7726363636363636,34.42,-118.05,5.00001
3.8517,35.0,7.677777777777778,1.1047505047504753,981.0,2.0999897379998,37.46,-122.2,1.891
5.7,36.0,6.71593829783625,1.0117506823175069,1104.0,3.405068231750682,33.97,-122.03,3.131
5.5169,33.0,6.73733333333333,1.0816666666666668,971.0,3.9791166666666666,37.96,-122.14,2.791
4.5385,44.0,5.739393939393941,1.0293895689567005,521.0,3.5525252525252524,34.07,-117.95,3.867
4.6621,34.0,6.318823156521755,1.01483498315789,2652.0,3.682315652175523,33.93,-118.17,0.843
1.6429,27.0,3.8392960505601077,1.03505601071857,639.0,2.43151718431517,34.04,-118.21,0.637
2.5,36.0,4.743243243243243,1.0123932393239323,1185.0,2.83944444444444,34.05,-121.55,1.25
3.9167,26.0,5.295714285714286,1.016926852957143,3724.0,4.23151828571428,35.78,-117.84,1.625
5.9286,36.0,7.7431428571428,1.03684210526311,786.0,2.449855285714286,34.1,-116.47,2.708
5.5,52.0,5.39254901558901,1.0717742631578946,1608.0,2.6817742631578945,34.18,-116.02,3.75
